Symbol,Name,Last Sale,Net Change,% Change,Market Cap,Country,IPO Year,Volume,Sector,Industry
AAOI,Applied Optoelectronics Inc. Common Stock,$8.24,-0.38,-4.408%,221343605.00,United States,2013,836466,Technology,Semiconductors
AAPL,Apple Inc. Common Stock,$130.46,-1.33,-1.009%,2261829376400.00,United States,1980,108786069,Technology,Computer Manufacturing
ABM,ABM Industries Incorporated Common Stock,$44.78,-0.82,-1.798%,3006139883.00,United States,,697863,Technology,Diversified Commercial Services
ACEV,ACE Convergence Acquisition Corp. Class A Ordinary Shares,$9.98,0.00,0.00%,286925000.00,United States,2020,209034,Technology,Semiconductors
ACEVU,ACE Convergence Acquisition Corp. Unit,$10.91,-0.19,-1.712%,0.00,United States,2020,557,Technology,Semiconductors
ACEVW,ACE Convergence Acquisition Corp. Warrant,$1.9127,-0.0872,-4.36%,0.00,United States,2020,80939,Technology,Semiconductors
ACIW,ACI Worldwide Inc. Common Stock,$37.85,-0.82,-2.121%,4471393891.00,United States,,847912,Technology,EDP Services
ACLS,Axcelis Technologies Inc. Common Stock,$38.49,-2.65,-6.441%,1293260036.00,United States,2000,441467,Technology,Industrial Machinery/Components
ACMR,ACM Research Inc. Class A Common Stock,$101.75,-4.99,-4.675%,1931503360.00,United States,2017,384834,Technology,Industrial Machinery/Components
ACN,Accenture plc Class A Ordinary Shares (Ireland),$281.25,-3.52,-1.236%,178775776406.00,Ireland,2001,3134040,Technology,EDP Services
ACVA,ACV Auctions Inc. Class A Common Stock,$23.93,-0.14,-0.582%,3697896894.00,United States,2021,1389435,Technology,EDP Services
ACY,AeroCentury Corp. Common Stock,$9.40,0.04,0.427%,14531310.00,United States,,32684,Technology,Diversified Commercial Services
ADBE,Adobe Inc. Common Stock,$565.59,14.23,2.581%,270352020000.00,United States,1986,6759868,Technology,Computer Software: Prepackaged Software
ADI,Analog Devices Inc. Common Stock,$162.19,-4.03,-2.424%,59820037830.00,United States,,3936497,Technology,Semiconductors
ADP,Automatic Data Processing Inc. Common Stock,$192.90,-4.60,-2.329%,82082483928.00,United States,,2916065,Technology,EDP Services
ADSK,Autodesk Inc. Common Stock,$277.98,1.64,0.593%,61159301304.00,United States,,1627642,Technology,Computer Software: Prepackaged Software
ADV,Advantage Solutions Inc. Class A Common Stock,$11.56,-0.38,-3.183%,3681281607.00,United States,2019,818448,Technology,Advertising
ADVWW,Advantage Solutions Inc. Warrant,$3.17,-0.12,-3.647%,0.00,United States,2019,39506,Technology,Advertising
AER,AerCap Holdings N.V. Ordinary Shares,$53.34,-1.79,-3.247%,6973375083.00,Netherlands,2006,1093881,Technology,Diversified Commercial Services
AEYE,AudioEye Inc. Common Stock,$17.04,-0.18,-1.045%,185801672.00,United States,,48348,Technology,EDP Services
AFRM,Affirm Holdings Inc. Class A Common Stock,$68.18,-1.21,-1.744%,18074061126.00,United States,2021,3624106,Technology,EDP Services
AGMH,AGM Group Holdings Inc. Class A Ordinary Shares,$10.40,-2.50,-19.38%,300466972.00,Hong Kong,2018,193211,Technology,EDP Services
AGYS,Agilysys Inc. Common Stock,$54.39,0.02,0.037%,1299627022.00,United States,,251032,Technology,Computer Software: Prepackaged Software
AI,C3.ai Inc. Class A Common Stock,$59.18,-0.72,-1.202%,6036047589.00,,2020,2590322,Technology,Computer Software: Prepackaged Software
AIRG,Airgain Inc. Common Stock,$21.05,-0.32,-1.497%,221798714.00,United States,2016,700024,Technology,Radio And Television Broadcasting And Communications Equipment
AL,Air Lease Corporation Class A Common Stock,$42.39,-1.44,-3.285%,4837734503.00,United States,2011,710922,Technology,Diversified Commercial Services
ALF,ALFI Inc. Common Stock,$7.96,1.81,29.431%,98347344.00,United States,2021,53934721,Technology,EDP Services
ALGM,Allegro MicroSystems Inc. Common Stock,$26.55,-0.63,-2.318%,5033700602.00,United States,2020,1251953,Technology,Semiconductors
ALKT,Alkami Technology Inc. Common Stock,$34.46,1.49,4.519%,2961378441.00,United States,2021,113805,Technology,EDP Services
ALOT,AstroNova Inc. Common Stock,$14.14,-0.14,-0.98%,102247302.00,United States,1983,43738,Technology,Computer peripheral equipment
ALRM,Alarm.com Holdings Inc. Common Stock,$83.29,-0.29,-0.347%,4144362893.00,United States,2015,421599,Technology,Computer Software: Prepackaged Software
ALTG,Alta Equipment Group Inc. Class A Common Stock,$13.51,0.25,1.885%,436351060.00,,2019,241794,Technology,Engineering & Construction
ALTR,Altair Engineering Inc. Class A Common Stock,$64.28,1.01,1.596%,4830112140.00,United States,2017,324306,Technology,Computer Software: Prepackaged Software
ALYA,Alithya Group inc. Class A Subordinate Voting Shares,$2.75,0.01,0.365%,230664814.00,Canada,,80917,Technology,Computer Software: Programming Data Processing
AMBA,Ambarella Inc. Ordinary Shares,$97.93,-2.77,-2.751%,3552758499.00,United States,2012,839193,Technology,Semiconductors
AMD,Advanced Micro Devices Inc. Common Stock,$84.65,0.09,0.106%,102851525618.00,United States,,58696528,Technology,Semiconductors
AMKR,Amkor Technology Inc. Common Stock,$22.95,-0.59,-2.506%,5604016994.00,United States,1998,2735671,Technology,Semiconductors
AMST,Amesite Inc. Common Stock,$2.58,-0.20,-7.194%,53059160.00,United States,2020,1057529,Technology,Computer Software: Prepackaged Software
AMSWA,American Software Inc. Class A Common Stock,$23.24,-1.17,-4.793%,760132177.00,United States,,297565,Technology,Computer Software: Prepackaged Software
AMWL,American Well Corporation Class A Common Stock,$13.48,-0.23,-1.678%,3249122845.00,United States,2020,3976490,Technology,Retail: Computer Software & Peripheral Equipment
ANET,Arista Networks Inc. Common Stock,$362.91,-7.13,-1.927%,27697949882.00,,2014,1158526,Technology,Computer peripheral equipment
ANGI,Angi Inc. Class A Common Stock,$13.56,-0.25,-1.81%,6839705114.00,United States,,642030,Technology,EDP Services
ANSS,ANSYS Inc. Common Stock,$331.43,-5.14,-1.527%,28884645839.00,United States,1996,826587,Technology,Computer Software: Prepackaged Software
ANTE,AirNet Technology Inc. American Depositary Shares,$2.82,-0.14,-4.73%,50182997.00,China,,54419,Technology,Advertising
AOSL,Alpha and Omega Semiconductor Limited Common Shares,$27.83,-1.00,-3.469%,726117818.00,Bermuda,2010,356924,Technology,Semiconductors
API,Agora Inc. American Depositary Shares,$39.97,1.32,3.415%,4631349481.00,China,2020,1203477,Technology,Computer Software: Prepackaged Software
APP,Applovin Corporation Class A Common Stock,$88.21,-0.01,-0.011%,32167771722.00,United States,2021,2514216,Technology,EDP Services
APPF,AppFolio Inc. Class A Common Stock,$140.48,-0.56,-0.397%,4846885914.00,United States,2015,248660,Technology,Computer Software: Prepackaged Software
APPN,Appian Corporation Class A Common Stock,$131.34,1.64,1.264%,9304962630.00,United States,2017,1807137,Technology,EDP Services
APPS,Digital Turbine Inc. Common Stock,$67.57,-2.45,-3.499%,6305354214.00,United States,,2370026,Technology,Computer Software: Prepackaged Software
APXTW,Apex Technology Acquisition Corporation Warrant,$3.10,-0.0609,-1.927%,0.00,United States,2019,129028,Technology,Computer Software: Prepackaged Software
ARRY,Array Technologies Inc. Common Stock,$16.21,-0.03,-0.185%,2058580310.00,United States,2020,5248996,Technology,Semiconductors
ARW,Arrow Electronics Inc. Common Stock,$110.56,-3.95,-3.449%,8157452018.00,United States,,1448281,Technology,Electronic Components
ASAN,Asana Inc. Class A Common Stock,$57.80,4.18,7.796%,9457890990.00,,2020,6754187,Technology,Retail: Computer Software & Peripheral Equipment
ASGN,ASGN Incorporated Common Stock,$93.18,-4.79,-4.889%,4957176000.00,United States,1992,472760,Technology,Diversified Commercial Services
ASML,ASML Holding N.V. New York Registry Shares,$671.07,-27.76,-3.972%,279510072796.00,Netherlands,1995,1610629,Technology,Industrial Machinery/Components
ASUR,Asure Software Inc Common Stock,$8.16,-0.02,-0.244%,155316396.00,United States,,136421,Technology,EDP Services
ASX,ASE Technology Holding Co. Ltd. American Depositary Shares (each representing Two Common Shares) ,$8.22,-0.39,-4.53%,17699661702.00,,2018,11542195,Technology,Semiconductors
ASYS,Amtech Systems Inc. Common Stock,$9.14,-0.45,-4.692%,130206283.00,United States,,81182,Technology,Semiconductors
ATEN,A10 Networks Inc. Common Stock,$10.54,-0.31,-2.857%,815116275.00,,2014,4065289,Technology,EDP Services
ATKR,Atkore Inc. Common Stock,$67.51,-2.93,-4.16%,3171909890.00,United States,2016,576666,Technology,Electrical Products
ATOM,Atomera Incorporated Common Stock,$24.59,0.10,0.408%,566491953.00,United States,2016,398138,Technology,Semiconductors
ATVI,Activision Blizzard Inc. Common Stock,$91.49,-1.70,-1.824%,71089263281.00,United States,,8497186,Technology,Computer Software: Prepackaged Software
AUUD,Auddia Inc. Common Stock,$2.55,-0.24,-8.602%,28794164.00,United States,2021,117847,Technology,Computer Software: Prepackaged Software
AUUDW,Auddia Inc. Warrants,$0.42,0.0101,2.464%,0.00,United States,2021,25090,Technology,Computer Software: Prepackaged Software
AVCT,American Virtual Cloud Technologies Inc. Common Stock ,$5.84,-0.205,-3.391%,114673247.00,United States,2017,46828,Technology,EDP Services
AVCTW,American Virtual Cloud Technologies Inc. Warrant expiring 4/7/2025,$0.47,0.0121,2.642%,0.00,United States,2017,36150,Technology,EDP Services
AVGO,Broadcom Inc. Common Stock,$463.50,-7.67,-1.628%,190155769560.00,United States,2009,2851309,Technology,Semiconductors
AVGOP,Broadcom Inc. 8.00% Mandatory Convertible Preferred Stock Series A,$1464.00,-26.80,-1.798%,0.00,United States,,1720,Technology,Semiconductors
AVID,Avid Technology Inc. Common Stock,$37.14,-0.38,-1.013%,1678489524.00,United States,1993,476551,Technology,Computer Software: Prepackaged Software
AVLR,Avalara Inc. Common Stock,$153.88,2.87,1.901%,13228981582.00,United States,2018,1121484,Technology,EDP Services
AVT,Avnet Inc. Common Stock,$38.85,-1.78,-4.381%,3865654604.00,United States,,978329,Technology,Electronic Components
AVYA,Avaya Holdings Corp. Common Stock,$26.17,-0.03,-0.115%,2213286558.00,,,1614619,Technology,Retail: Computer Software & Peripheral Equipment
AWRE,Aware Inc. Common Stock,$3.74,-0.03,-0.796%,80388443.00,United States,1996,17836,Technology,EDP Services
AXTI,AXT Inc Common Stock,$11.10,-0.54,-4.639%,469530000.00,United States,1998,1703337,Technology,Semiconductors
AYX,Alteryx Inc. Class A Common Stock,$85.52,0.46,0.541%,5740902696.00,United States,2017,895622,Technology,Computer Software: Prepackaged Software
AZPN,Aspen Technology Inc. Common Stock,$137.05,-1.80,-1.296%,9321445334.00,United States,1994,622078,Technology,EDP Services
BAND,Bandwidth Inc. Class A Common Stock,$131.85,1.48,1.135%,3308712330.00,United States,2017,303698,Technology,Computer Software: Prepackaged Software
BB,BlackBerry Limited Common Stock,$12.90,-0.61,-4.515%,7304226893.00,Canada,,38275497,Technology,Computer Software: Prepackaged Software
BBSI,Barrett Business Services Inc. Common Stock,$70.93,-3.29,-4.433%,536607793.00,United States,1993,95379,Technology,Professional Services
BCOV,Brightcove Inc. Common Stock,$13.45,-0.27,-1.968%,542692584.00,United States,2012,282797,Technology,EDP Services
BEEM,Beam Global Common Stock,$35.56,-0.14,-0.392%,316030966.00,United States,,480062,Technology,Semiconductors
BEEMW,Beam Global Warrant,$28.9112,-1.1988,-3.981%,0.00,United States,,477,Technology,Semiconductors
BGSF,BGSF Inc. Common Stock,$12.34,-0.52,-4.044%,127547597.00,United States,,110883,Technology,Professional Services
BHE,Benchmark Electronics Inc. Common Stock,$28.70,-0.44,-1.51%,1027930651.00,United States,,535586,Technology,Electrical Products
BIDU,Baidu Inc. ADS,$186.34,0.78,0.42%,64753703057.00,China,2005,8316259,Technology,Computer Software: Programming Data Processing
BIGC,BigCommerce Holdings Inc. Series 1 Common Stock,$63.46,2.91,4.806%,4460975910.00,United States,2020,1294543,Technology,Computer Software: Prepackaged Software
BILI,Bilibili Inc. American Depositary Shares,$118.38,3.99,3.488%,45329529669.00,China,2018,10593754,Technology,EDP Services
BILL,Bill.com Holdings Inc. Common Stock,$178.50,5.76,3.334%,16670847564.00,,2019,1441485,Technology,Computer Software: Prepackaged Software
BKI,Black Knight Inc. Common Stock ,$74.32,0.06,0.081%,11639539251.00,,2017,1417669,Technology,EDP Services
BKTI,BK Technologies Corporation Common Stock,$2.95,-0.08,-2.64%,49517877.00,United States,,107755,Technology,Radio And Television Broadcasting And Communications Equipment
BL,BlackLine Inc. Common Stock,$108.12,0.84,0.783%,6275978174.00,United States,2016,540365,Technology,Computer Software: Prepackaged Software
BLCT,BlueCity Holdings Limited American Depositary Shares,$6.95,-0.06,-0.856%,249073391.00,China,2020,127645,Technology,EDP Services
BLDP,Ballard Power Systems Inc. Common Shares,$16.93,-0.56,-3.202%,5037718887.00,Canada,,3665523,Technology,Semiconductors
BLIN,Bridgeline Digital Inc. Common Stock,$2.44,0.00,0.00%,15741777.00,United States,,72087,Technology,EDP Services
BLKB,Blackbaud Inc. Common Stock,$75.86,-1.48,-1.914%,3703408657.00,United States,2004,932453,Technology,Computer Software: Prepackaged Software
BMBL,Bumble Inc. Class A Common Stock,$50.24,0.35,0.702%,6018704573.00,United States,2021,5195874,Technology,Computer Software: Programming Data Processing
BMTX,BM Technologies Inc. Common Stock,$12.27,-0.71,-5.47%,149698638.00,,2018,62416,Technology,EDP Services
BNFT,Benefitfocus Inc. Common Stock,$13.92,-0.35,-2.453%,461876165.00,United States,2013,409290,Technology,Computer Software: Prepackaged Software
BOMN,Boston Omaha Corporation Class A Common Stock,$32.10,-2.35,-6.821%,949393292.00,United States,,196875,Technology,Advertising
BOSC,B.O.S. Better Online Solutions Common Stock,$4.13,-0.09,-2.133%,17833340.00,Israel,,29179,Technology,Computer Communications Equipment
BOX,Box Inc. Class A Common Stock,$24.99,0.01,0.04%,4068103657.00,United States,2015,3999831,Technology,Computer Software: Prepackaged Software
BRKS,Brooks Automation Inc.,$91.68,-5.48,-5.64%,6811524115.00,United States,1995,2165123,Technology,Industrial Machinery/Components
BSQR,BSQUARE Corporation Common Stock,$2.27,-0.01,-0.439%,30433956.00,United States,1999,130661,Technology,Computer Software: Prepackaged Software
BSY,Bentley Systems Incorporated Class B Common Stock,$63.91,-1.24,-1.903%,17685251764.00,United States,2020,3590513,Technology,Retail: Computer Software & Peripheral Equipment
BTRS,BTRS Holdings Inc. Class 1 Common Stock,$14.89,-0.28,-1.846%,2336317281.00,United States,2019,2006014,Technology,EDP Services
CACI,CACI International Inc. Class A Common Stock,$260.78,-3.05,-1.156%,6141558326.00,United States,,655963,Technology,EDP Services
CAI,CAI International Inc. Common Stock,$56.05,17.89,46.882%,969895422.00,United States,,9446311,Technology,Diversified Commercial Services
CALX,Calix Inc Common Stock,$42.61,-2.20,-4.91%,2678188445.00,United States,2010,1180329,Technology,Computer Software: Prepackaged Software
CAN,Canaan Inc. American Depositary Shares,$9.08,-0.34,-3.609%,1558493134.00,China,2019,5911145,Technology,Semiconductors
CANG,Cango Inc. American Depositary Shares  each representing two (2) Class A Ordinary Shares,$5.18,0.01,0.193%,756044020.00,,2018,408818,Technology,Computer Software: Prepackaged Software
CASA,Casa Systems Inc. Common Stock,$9.21,-0.17,-1.812%,780705590.00,United States,2017,1732013,Technology,Radio And Television Broadcasting And Communications Equipment
CCMP,CMC Materials Inc. Common Stock,$149.92,-1.33,-0.879%,4385734643.00,United States,2000,639406,Technology,Semiconductors
CCO,Clear Channel Outdoor Holdings Inc. Common Stock,$2.68,-0.10,-3.597%,1261832938.00,United States,2005,5113141,Technology,Advertising
CCRN,Cross Country Healthcare Inc. Common Stock $0.0001 Par Value,$17.81,-0.69,-3.73%,670880063.00,United States,2001,709220,Technology,Professional Services
CDAY,Ceridian HCM Holding Inc. Common Stock,$91.30,2.25,2.527%,13625404019.00,United States,2018,1206921,Technology,EDP Services
CDLX,Cardlytics Inc. Common Stock,$117.41,6.47,5.832%,3859980201.00,United States,2018,498649,Technology,Advertising
CDNS,Cadence Design Systems Inc. Common Stock,$130.47,-0.44,-0.336%,36305234550.00,United States,,2661742,Technology,Computer Software: Prepackaged Software
CDW,CDW Corporation Common Stock,$165.78,-3.46,-2.044%,23242943027.00,United States,2013,1457905,Technology,EDP Services
CETX,Cemtrex Inc. Common Stock,$1.44,-0.04,-2.703%,26944507.00,United States,,113917,Technology,EDP Services
CETXP,Cemtrex Inc. Series 1 Preferred Stock,$2.3072,0.0672,3.00%,0.00,United States,,255,Technology,EDP Services
CETXW,Cemtrex Inc. Series 1 Warrant,$0.0969,-0.0129,-11.749%,0.00,United States,,4201,Technology,EDP Services
CEVA,CEVA Inc. Common Stock,$43.56,-1.86,-4.095%,993752619.00,United States,,386001,Technology,Semiconductors
CGNT,Cognyte Software Ltd. Ordinary Shares,$23.68,0.01,0.042%,1557512573.00,Israel,,1538588,Technology,Computer Software: Prepackaged Software
CHKP,Check Point Software Technologies Ltd. Ordinary Shares,$118.74,-0.37,-0.311%,16064412968.00,Israel,1996,1181319,Technology,Computer Software: Prepackaged Software
CHNG,Change Healthcare Inc. Common Stock,$23.16,0.09,0.39%,7182762869.00,United States,2019,3512649,Technology,EDP Services
CHNGU,Change Healthcare Inc. Tangible Equity Units,$76.73,0.72,0.947%,0.00,United States,2019,1815,Technology,EDP Services
CIH,China Index Holdings Limited American Depository Shares,$1.89,-0.03,-1.563%,170190973.00,China,,93400,Technology,EDP Services
CLDR,Cloudera Inc. Common Stock,$15.73,-0.04,-0.254%,4596535218.00,Canada,2017,18966025,Technology,Computer Software: Prepackaged Software
CLIR,ClearSign Technologies Corporation Common Stock,$4.60,-0.15,-3.158%,144031469.00,United States,2012,82922,Technology,Industrial Machinery/Components
CLPS,CLPS Incorporation Common Stock,$4.08,-0.15,-3.546%,82743930.00,China,2018,74437,Technology,Computer Software: Prepackaged Software
CLRO,ClearOne Inc. (DE) Common Stock,$2.34,-0.08,-3.306%,43935309.00,United States,,36220,Technology,Radio And Television Broadcasting And Communications Equipment
CLSK,CleanSpark Inc. Common Stock,$18.71,-1.14,-5.743%,618459106.00,United States,,1456849,Technology,Computer Software: Prepackaged Software
CLVT,Clarivate Plc Ordinary Shares,$25.58,-0.06,-0.234%,16394678296.00,,2019,11693463,Technology,EDP Services
CMBM,Cambium Networks Corporation Ordinary Shares,$44.14,-2.54,-5.441%,1161359639.00,Cayman Islands,2019,584653,Technology,Radio And Television Broadcasting And Communications Equipment
CMCM,Cheetah Mobile Inc. American Depositary Shares each representing 10 Class Ordinary Shares,$2.23,-0.05,-2.193%,312884641.00,,2014,592836,Technology,Computer Software: Prepackaged Software
CMTL,Comtech Telecommunications Corp. Common Stock,$25.70,1.71,7.128%,669973172.00,United States,,850356,Technology,Radio And Television Broadcasting And Communications Equipment
CNDT,Conduent Incorporated Common Stock ,$7.38,-0.32,-4.156%,1567428016.00,United States,,3575951,Technology,Retail: Computer Software & Peripheral Equipment
CNET,ZW Data Action Technologies Inc. Common Stock,$1.87,-0.06,-3.109%,58540191.00,China,,238907,Technology,Advertising
CNXC,Concentrix Corporation Common Stock,$160.11,5.26,3.397%,8334186617.00,United States,,714519,Technology,Computer Software: Prepackaged Software
CNXN,PC Connection Inc. Common Stock,$45.44,-3.05,-6.29%,1189945232.00,United States,,165292,Technology,Retail: Computer Software & Peripheral Equipment
COIN,Coinbase Global Inc. Class A Common Stock,$229.29,-1.37,-0.594%,47844141393.00,United States,,3259157,Technology,EDP Services
COMM,CommScope Holding Company Inc. Common Stock,$20.01,-0.59,-2.864%,4083614007.00,United States,2013,3966463,Technology,Radio And Television Broadcasting And Communications Equipment
COMP,Compass Inc. Class A Common Stock,$13.99,0.04,0.287%,5511683515.00,,2021,338842,Technology,EDP Services
COUP,Coupa Software Incorporated Common Stock,$245.82,5.19,2.157%,18073994900.00,United States,2016,1436644,Technology,Computer Software: Prepackaged Software
CPSI,Computer Programs and Systems Inc. Common Stock,$33.44,-0.30,-0.889%,492532042.00,United States,2002,97574,Technology,EDP Services
CREE,Cree Inc. Common Stock,$91.04,-2.70,-2.88%,10512458992.00,United States,1993,1706629,Technology,Semiconductors
CREX,Creative Realities Inc. Common Stock,$2.05,-0.24,-10.48%,24301674.00,United States,,392682,Technology,EDP Services
CREXW,Creative Realities Inc. Warrant,$0.2501,-0.0277,-9.971%,0.00,United States,,1288,Technology,EDP Services
CRM,Salesforce.com Inc Common Stock,$242.78,-1.65,-0.675%,224814280000.00,United States,2004,7803836,Technology,Computer Software: Prepackaged Software
CRNC,Cerence Inc. Common Stock,$109.14,-3.78,-3.348%,4127768770.00,United States,,483923,Technology,EDP Services
CRNT,Ceragon Networks Ltd. Ordinary Shares,$3.78,-0.02,-0.526%,315194381.00,Israel,,4211386,Technology,Radio And Television Broadcasting And Communications Equipment
CRSR,Corsair Gaming Inc. Common Stock,$31.93,-1.13,-3.418%,2943545055.00,United States,2020,3962776,Technology,Computer Manufacturing
CRTO,Criteo S.A. American Depositary Shares,$38.56,-0.69,-1.758%,2341655832.00,France,2013,232400,Technology,Advertising
CRUS,Cirrus Logic Inc. Common Stock,$79.46,-1.04,-1.292%,4570967569.00,United States,1989,972951,Technology,Semiconductors
CRWD,CrowdStrike Holdings Inc. Class A Common Stock,$244.91,3.60,1.492%,55303278454.00,United States,2019,5985726,Technology,EDP Services
CSCO,Cisco Systems Inc. Common Stock (DE),$52.07,-1.06,-1.995%,219828373432.00,United States,1990,35615558,Technology,Computer peripheral equipment
CSGS,CSG Systems International Inc. Common Stock,$45.40,-1.01,-2.176%,1493176308.00,United States,1996,352129,Technology,EDP Services
CSOD,Cornerstone OnDemand Inc. Common Stock,$51.01,0.02,0.039%,3376840627.00,United States,2011,557101,Technology,Computer Software: Prepackaged Software
CSPI,CSP Inc. Common Stock,$10.73,-0.0757,-0.701%,47147255.00,United States,1982,809,Technology,EDP Services
CTEK,CynergisTek Inc. Common Stock,$1.95,-0.11,-5.34%,23635361.00,United States,2017,67354,Technology,Retail: Computer Software & Peripheral Equipment
CTG,Computer Task Group Inc. Common Stock,$9.61,0.08,0.839%,147783243.00,United States,,41721,Technology,EDP Services
CTK,CooTek (Cayman) Inc. American Depositary Shares each representing 50 Class A Ordinary Shares,$1.77,0.15,9.259%,114344977.00,,2018,566077,Technology,EDP Services
CTLP,Cantaloupe Inc. Common Stock,$12.39,-0.07,-0.562%,881069168.00,United States,,631069,Technology,EDP Services
CTOS,Custom Truck One Source Inc. Common Stock,$9.02,-0.25,-2.697%,2224314483.00,Cayman Islands,2017,713078,Technology,Diversified Commercial Services
CTSH,Cognizant Technology Solutions Corporation Class A Common Stock,$68.32,-0.85,-1.229%,36032779915.00,United States,1998,5596724,Technology,EDP Services
CTXS,Citrix Systems Inc. Common Stock,$115.81,-2.30,-1.947%,14379785481.00,United States,1995,2072538,Technology,Computer Software: Prepackaged Software
CUEN,Cuentas Inc. Common Stock,$2.28,-0.24,-9.524%,31531490.00,United States,,83194,Technology,Computer Software: Prepackaged Software
CVLT,Commvault Systems Inc. Common Stock,$77.75,-1.95,-2.447%,3578540393.00,United States,2006,776276,Technology,Computer Software: Prepackaged Software
CVV,CVD Equipment Corporation Common Stock,$4.25,0.00,0.00%,28408194.00,United States,,24935,Technology,Industrial Machinery/Components
CYBR,CyberArk Software Ltd. Ordinary Shares,$138.51,-3.58,-2.52%,5507110784.00,Israel,2014,981386,Technology,Computer Software: Prepackaged Software
CYRN,CYREN Ltd. Ordinary Shares,$0.7112,-0.0154,-2.119%,53795313.00,United States,,654342,Technology,Computer Software: Prepackaged Software
DAVA,Endava plc American Depositary Shares (each representing one Class A Ordinary Share),$112.99,-1.39,-1.215%,6227708812.00,,2018,87776,Technology,EDP Services
DBD,Diebold Nixdorf Incorporated Common Stock,$12.81,-0.40,-3.028%,1002103972.00,United States,,635736,Technology,EDP Services
DBX,Dropbox Inc. Class A Common Stock,$29.14,-0.07,-0.24%,11390169359.00,United States,2018,5942160,Technology,Computer Software: Prepackaged Software
DCT,Duck Creek Technologies Inc. Common Stock,$40.83,0.13,0.319%,5372776502.00,United States,2020,717161,Technology,Retail: Computer Software & Peripheral Equipment
DDD,3D Systems Corporation Common Stock,$27.95,-1.07,-3.687%,3495140764.00,United States,,4423432,Technology,Computer peripheral equipment
DDOG,Datadog Inc. Class A Common Stock,$103.26,1.51,1.484%,31843674944.00,United States,2019,4717184,Technology,Computer Software: Prepackaged Software
DELL,Dell Technologies Inc. Class C Common Stock ,$98.57,-1.08,-1.084%,75276938973.00,,2018,2811279,Technology,Computer Manufacturing
DGII,Digi International Inc. Common Stock,$19.08,-0.49,-2.504%,649283165.00,United States,1989,321853,Technology,Computer peripheral equipment
DGLY,Digital Ally Inc. Common Stock,$1.76,-0.06,-3.297%,90664096.00,United States,,1176727,Technology,Radio And Television Broadcasting And Communications Equipment
DHX,DHI Group Inc. Common Stock,$2.90,0.02,0.694%,151312323.00,United States,2007,401619,Technology,Diversified Commercial Services
DIOD,Diodes Incorporated Common Stock,$75.00,-3.26,-4.166%,3346253625.00,United States,,584862,Technology,Semiconductors
DLB,Dolby Laboratories Common Stock,$97.94,-1.47,-1.479%,9927281649.00,United States,2005,566526,Technology,EDP Services
DLHC,DLH Holdings Corp.,$11.67,0.17,1.478%,146399053.00,United States,,18560,Technology,Professional Services
DLX,Deluxe Corporation Common Stock,$42.33,-1.43,-3.268%,1786392670.00,United States,,357272,Technology,Advertising
DM,Desktop Metal Inc. Class A Common Stock,$12.57,0.26,2.112%,3215093095.00,,2019,7558149,Technology,Industrial Machinery/Components
DMRC,Digimarc Corporation Common Stock,$31.21,-0.74,-2.316%,527911876.00,United States,,215767,Technology,EDP Services
DMS,Digital Media Solutions Inc. Class A Ordinary Shares,$9.76,-0.50,-4.873%,598104151.00,United States,2018,80074,Technology,Advertising
DNB,Dun & Bradstreet Holdings Inc. Common Stock,$21.00,0.16,0.768%,9059595342.00,United States,2020,1267966,Technology,EDP Services
DOCN,DigitalOcean Holdings Inc. Common Stock,$47.00,0.72,1.556%,5008482855.00,,2021,1143544,Technology,Retail: Computer Software & Peripheral Equipment
DOCU,DocuSign Inc. Common Stock,$274.43,13.82,5.303%,53468603354.00,United States,2018,6094573,Technology,EDP Services
DOMO,Domo Inc. Class B Common Stock,$78.17,1.44,1.877%,2476472033.00,United States,2018,901185,Technology,Computer Software: Prepackaged Software
DOX,Amdocs Limited Ordinary Shares,$77.85,-1.39,-1.754%,9937863900.00,Guernsey,,1639332,Technology,EDP Services
DOYU,DouYu International Holdings Limited ADS,$8.27,0.38,4.816%,2682868963.00,China,2019,4287434,Technology,Computer Software: Programming Data Processing
DQ,DAQO New Energy Corp. American Depositary Shares each representing five ordinary shares,$60.50,-0.91,-1.482%,4447571590.00,China,2010,3527143,Technology,Semiconductors
DSP,Viant Technology Inc. Class A Common Stock,$29.41,0.63,2.189%,1733294790.00,United States,2021,248090,Technology,EDP Services
DSPG,DSP Group Inc. Common Stock,$15.04,-0.68,-4.326%,364370801.00,United States,1994,255491,Technology,Semiconductors
DT,Dynatrace Inc. Common Stock,$57.05,0.94,1.675%,16182469543.00,United States,2019,2286161,Technology,EDP Services
DTSS,Datasea Inc. Common Stock,$2.47,-0.07,-2.756%,53041121.00,China,,34711,Technology,Retail: Computer Software & Peripheral Equipment
DTST,Data Storage Corporation Common Stock,$5.34,-0.27,-4.813%,25946360.00,United States,,83300,Technology,EDP Services
DUO,Fangdd Network Group Ltd. American Depositary Shares,$2.88,-0.12,-4.00%,229958677.00,China,2019,245862,Technology,Computer Software: Programming Data Processing
DUOT,Duos Technologies Group Inc. Common Stock,$10.90,0.53,5.111%,38927105.00,United States,,23474,Technology,Computer Software: Prepackaged Software
DV,DoubleVerify Holdings Inc. Common Stock,$38.65,3.03,8.506%,6075852971.00,,2021,506821,Technology,Computer Software: Prepackaged Software
DXC,DXC Technology Company Common Stock ,$36.27,-1.62,-4.276%,9241848657.00,,,6043767,Technology,EDP Services
EA,Electronic Arts Inc. Common Stock,$141.12,-0.81,-0.571%,40387298757.00,United States,,3235596,Technology,Computer Software: Prepackaged Software
EB,Eventbrite Inc. Class A Common Stock,$19.27,-0.26,-1.331%,1805970198.00,United States,2018,1298888,Technology,EDP Services
EBIX,Ebix Inc. Common Stock,$33.01,-2.65,-7.431%,1021292594.00,United States,,450970,Technology,EDP Services
EBON,Ebang International Holdings Inc. Class A Ordinary Shares,$3.66,-0.06,-1.613%,680157333.00,China,2020,13767938,Technology,Semiconductors
ECOM          ,ChannelAdvisor Corporation Common Stock,$23.29,-0.44,-1.854%,692478123.00,United States,2013,167798,Technology,Computer Software: Prepackaged Software
EEFT,Euronet Worldwide Inc. Common Stock,$142.79,-0.56,-0.391%,7538934178.00,United States,1997,361726,Technology,EDP Services
EEX,Emerald Holding Inc. Common Stock,$5.30,-0.11,-2.033%,382126894.00,United States,2017,157722,Technology,Advertising
EFX,Equifax Inc. Common Stock,$232.80,-1.45,-0.619%,28332348053.00,United States,,746089,Technology,Advertising
EGAN,eGain Corporation Common Stock,$11.03,0.08,0.731%,343022180.00,United States,1999,202367,Technology,Computer Software: Prepackaged Software
EGHT,8x8 Inc Common Stock,$26.24,-0.06,-0.228%,2883564164.00,United States,,1365546,Technology,EDP Services
ELTK,Eltek Ltd. Ordinary Shares,$5.965,-0.025,-0.417%,26128299.00,Israel,1997,9193,Technology,Electrical Products
EMKR,EMCORE Corporation Common Stock,$9.74,-0.23,-2.307%,358802889.00,United States,1997,1858401,Technology,Semiconductors
ENTG,Entegris Inc. Common Stock,$117.24,-2.65,-2.21%,15886136302.00,United States,2000,1081704,Technology,Semiconductors
ENV,Envestnet Inc Common Stock,$77.28,-1.64,-2.078%,4205780228.00,United States,2010,460817,Technology,EDP Services
EOSE,Eos Energy Enterprises Inc. Class A Common Stock,$19.39,-0.55,-2.758%,1004426567.00,United States,,1654361,Technology,Electronic Components
EOSEW,Eos Energy Enterprises Inc. Warrant,$8.46,-0.29,-3.314%,0.00,United States,,76929,Technology,Electronic Components
EPAM,EPAM Systems Inc. Common Stock,$510.52,-4.08,-0.793%,28795761138.00,United States,2012,389432,Technology,EDP Services
EPAY,Bottomline Technologies Inc. Common Stock,$37.16,-0.13,-0.349%,1686612097.00,United States,1999,452338,Technology,EDP Services
ERIC,Ericsson American Depositary Shares,$12.56,-0.23,-1.798%,41876945792.00,Sweden,,29366887,Technology,Computer Software: Prepackaged Software
ERII,Energy Recovery Inc. Common Stock,$20.03,-0.67,-3.237%,1152178299.00,United States,2008,1233634,Technology,Industrial Machinery/Components
ESTC,Elastic N.V. Ordinary Shares,$143.97,1.26,0.883%,13034177820.00,United States,2018,710054,Technology,Computer Software: Prepackaged Software
ETWO,E2open Parent Holdings Inc.Class A Common Stock,$12.07,-0.27,-2.188%,2355720114.00,,2020,2524716,Technology,Computer Software: Prepackaged Software
EVBG,Everbridge Inc. Common Stock,$128.29,1.06,0.833%,4895862635.00,United States,2016,728929,Technology,Retail: Computer Software & Peripheral Equipment
EVER,EverQuote Inc. Class A Common Stock,$33.97,0.25,0.741%,977456585.00,United States,2018,199985,Technology,EDP Services
EVOL,Evolving Systems Inc. Common Stock,$2.19,-0.09,-3.947%,26776204.00,United States,1998,90390,Technology,EDP Services
EVOP,EVO Payments Inc. Class A Common Stock,$27.14,-0.59,-2.128%,1125611769.00,United States,2018,375300,Technology,EDP Services
EVTC,Evertec Inc. Common Stock,$42.75,-1.49,-3.368%,3084983512.00,Puerto Rico,2013,570156,Technology,EDP Services
EXLS,ExlService Holdings Inc. Common Stock,$105.73,-0.15,-0.142%,3537477969.00,United States,2006,276492,Technology,Retail: Computer Software & Peripheral Equipment
EXTN,Exterran Corporation Common Stock,$4.71,-0.40,-7.828%,156776311.00,United States,2015,562846,Technology,Diversified Commercial Services
FB,Facebook Inc. Class A Common Stock,$329.66,-6.85,-2.036%,934739337176.00,United States,2012,23024990,Technology,EDP Services
FDS,FactSet Research Systems Inc. Common Stock,$325.34,-3.24,-0.986%,12314825638.00,United States,1996,403927,Technology,Advertising
FEYE,FireEye Inc. Common Stock,$20.60,-0.84,-3.918%,4911974746.00,United States,2013,6657702,Technology,Computer Software: Prepackaged Software
FFIV,F5 Networks Inc. Common Stock,$183.51,-4.38,-2.331%,10939927730.00,United States,1999,1097050,Technology,EDP Services
FICO,Fair Isaac Corproation Common Stock,$502.35,1.41,0.281%,14456059137.00,United States,,348504,Technology,Computer Software: Prepackaged Software
FISV,Fiserv Inc. Common Stock,$107.56,-1.49,-1.366%,71179914728.00,United States,1986,4886422,Technology,EDP Services
FIVN,Five9 Inc. Common Stock,$183.30,4.12,2.299%,12288987949.00,United States,2014,1196139,Technology,EDP Services
FLEX,Flex Ltd. Ordinary Shares,$16.82,-0.71,-4.05%,8254283148.00,Singapore,1994,7765532,Technology,Electrical Products
FLNT,Fluent Inc. Common Stock,$2.84,-0.08,-2.74%,222123222.00,United States,,330172,Technology,EDP Services
FLT,FleetCor Technologies Inc. Common Stock,$260.00,-3.00,-1.141%,21670885600.00,United States,2010,979972,Technology,EDP Services
FLY,Fly Leasing Limited,$16.95,0.01,0.059%,516654120.00,Ireland,2007,321940,Technology,Diversified Commercial Services
FLYW,Flywire Corporation Voting Common Stock,$33.85,1.41,4.346%,3437147922.00,United States,2021,252192,Technology,EDP Services
FORA,Forian Inc. Common Stock,$12.51,-1.53,-10.897%,407113030.00,United States,,701144,Technology,Computer Software: Prepackaged Software
FORM,FormFactor Inc. FormFactor Inc. Common Stock,$33.61,-1.24,-3.558%,2608899518.00,United States,2003,748861,Technology,Semiconductors
FORTY,Formula Systems (1985) Ltd. American Depositary Shares,$82.999,-1.581,-1.869%,1269408867.00,Israel,,673,Technology,EDP Services
FOUR,Shift4 Payments Inc. Class A Common Stock,$98.48,0.21,0.214%,7969423981.00,United States,2020,819298,Technology,EDP Services
FROG,JFrog Ltd. Ordinary Shares,$46.79,0.91,1.983%,4375662910.00,United States,2020,1062049,Technology,Computer Software: Prepackaged Software
FRSX,Foresight Autonomous Holdings Ltd. American Depositary Shares,$4.76,-0.06,-1.245%,307001731.00,Israel,,3802434,Technology,Computer Software: Prepackaged Software
FSLR,First Solar Inc. Common Stock,$76.97,-1.56,-1.987%,8182821478.00,United States,2006,2839782,Technology,Semiconductors
FSLY,Fastly Inc. Class A Common Stock,$56.96,-0.25,-0.437%,6590272000.00,,2019,6348537,Technology,Computer Software: Prepackaged Software
FSS,Federal Signal Corporation Common Stock,$38.60,-0.66,-1.681%,2354886142.00,United States,,402736,Technology,Industrial Machinery/Components
FTAI,Fortress Transportation and Infrastructure Investors LLC Common Shares,$33.19,0.20,0.606%,2842084692.00,United States,2015,233133,Technology,Diversified Commercial Services
FTCI,FTC Solar Inc. Common Stock,$11.81,-0.44,-3.592%,995601849.00,United States,2021,1296955,Technology,Semiconductors
FTFT,Future FinTech Group Inc. Common Stock,$3.63,-0.01,-0.275%,265393199.00,China,,5637928,Technology,EDP Services
GAN,GAN Limited Ordinary Shares,$17.69,-0.35,-1.94%,743132594.00,United Kingdom,2020,1142425,Technology,Computer Software: Programming Data Processing
GB,Global Blue Group Holding AG Ordinary Shares,$10.89,0.79,7.822%,2042255736.00,,2000,22824,Technology,EDP Services
GBOX,Greenbox POS Common Stock,$15.51,-0.36,-2.268%,652637442.00,United States,,1189343,Technology,EDP Services
GDDY,GoDaddy Inc. Class A Common Stock,$85.61,-0.16,-0.187%,14395812730.00,United States,2015,1768527,Technology,EDP Services
GDOT,Green Dot Corporation Class A Common Stock $0.001 par value,$49.20,-0.29,-0.586%,2677950588.00,United States,2010,741295,Technology,Advertising
GDRX,GoodRx Holdings Inc. Class A Common Stock,$37.63,-0.26,-0.686%,14786524790.00,United States,2020,2788658,Technology,Retail: Computer Software & Peripheral Equipment
GDS,GDS Holdings Limited ADS,$79.99,1.97,2.525%,14949934945.00,China,2016,2471050,Technology,Computer Software: Programming Data Processing
GDYN,Grid Dynamics Holdings Inc. Class A Common Stock,$17.01,-0.37,-2.129%,864806720.00,United States,2018,414198,Technology,EDP Services
GDYNW,Grid Dynamics Holdings Inc. Warrant,$6.35,-0.23,-3.495%,0.00,United States,2018,29551,Technology,EDP Services
GFNCP,General Finance Corporation Cumulative Redeemable Perpetual Preferred Series C,$101.25,0.00,0.00%,0.00,United States,,941,Technology,Diversified Commercial Services
GFNSZ,General Finance Corporation 7.875% Senior Notes due 2025,$28.68,-0.02,-0.07%,0.00,United States,,513,Technology,Diversified Commercial Services
GIGM,GigaMedia Limited Ordinary Shares,$2.87,-0.03,-1.034%,31719914.00,Taiwan,,26731,Technology,Computer Software: Programming Data Processing
GILT,Gilat Satellite Networks Ltd. Ordinary Shares,$9.86,-0.37,-3.617%,557154691.00,Israel,,1256529,Technology,Radio And Television Broadcasting And Communications Equipment
GLBE,Global-E Online Ltd. Ordinary Shares,$53.46,2.16,4.211%,7603985369.00,Israel,2021,1080004,Technology,Computer Software: Prepackaged Software
GLG,TD Holdings Inc. Common Stock,$1.00,-0.02,-1.961%,97043566.00,China,2013,332679,Technology,EDP Services
GOOG,Alphabet Inc. Class C Capital Stock,$2511.35,-16.07,-0.636%,1683015841551.00,United States,2004,2634650,Technology,Internet and Information Services
GOOGL,Alphabet Inc. Class A Common Stock,$2402.22,-32.65,-1.341%,1609880866820.00,United States,,2286739,Technology,Internet and Information Services
GRPN,Groupon Inc. Common Stock,$43.05,-0.77,-1.757%,1253602181.00,United States,2011,549147,Technology,Advertising
GSIT,GSI Technology Common Stock,$5.41,-0.28,-4.921%,130686503.00,United States,2007,248472,Technology,Semiconductors
GSKY,GreenSky Inc. Class A Common Stock,$5.73,-0.08,-1.377%,1056796483.00,United States,2018,484210,Technology,EDP Services
GSMG,Glory Star New Media Group Holdings Limited Ordinary Share,$2.70,-0.04,-1.46%,155449438.00,China,2018,70065,Technology,EDP Services
GSMGW,Glory Star New Media Group Holdings Limited Warrant expiring 2/13/2025,$0.132,-0.006,-4.348%,0.00,China,2018,33127,Technology,EDP Services
GTLS,Chart Industries Inc. Common Stock,$133.16,-1.25,-0.93%,4840170787.00,United States,2006,483869,Technology,Electrical Products
GTYH,GTY Technology Holdings Inc. Common Stock,$7.28,0.16,2.247%,418565718.00,United States,2016,486524,Technology,Computer Software: Prepackaged Software
GVP,GSE Systems Inc. Common Stock,$1.69,-0.10,-5.587%,34877285.00,United States,,66806,Technology,Computer Software: Prepackaged Software
GWRE,Guidewire Software Inc. Common Stock,$112.56,-0.69,-0.609%,9359895846.00,United States,2012,1981696,Technology,Computer Software: Prepackaged Software
HAYW,Hayward Holdings Inc. Common Stock,$23.68,-0.57,-2.351%,5472477766.00,,2021,2826763,Technology,Electronic Components
HCKT,Hackett Group Inc (The). Common Stock,$17.17,-0.38,-2.165%,517366732.00,United States,,240848,Technology,Retail: Computer Software & Peripheral Equipment
HEES,H&E Equipment Services Inc. Common Stock,$31.71,-0.82,-2.521%,1145525621.00,United States,2006,368875,Technology,Engineering & Construction
HGBL,Heritage Global Inc. Common Stock,$2.52,0.02,0.80%,89894642.00,United States,,9875,Technology,Telecommunications Equipment
HHR,HeadHunter Group PLC American Depositary Shares,$38.45,1.08,2.89%,1946943434.00,Cyprus,2019,383558,Technology,Professional Services
HIMX,Himax Technologies Inc. American Depositary Shares,$14.00,-0.32,-2.235%,2437248310.00,Taiwan,2006,3494804,Technology,Semiconductors
HLIT,Harmonic Inc. Common Stock,$7.89,-0.21,-2.593%,797579452.00,United States,1995,1074047,Technology,Radio And Television Broadcasting And Communications Equipment
HPQ,HP Inc. Common Stock,$28.67,0.03,0.105%,34439995128.00,United States,,25006214,Technology,Computer Manufacturing
HQI,HireQuest Inc. Common Stock (DE),$21.08,0.40,1.934%,286900360.00,United States,,63547,Technology,Diversified Commercial Services
HRI,Herc Holdings Inc. Common Stock ,$102.45,-3.46,-3.267%,3033372486.00,,2016,409026,Technology,Diversified Commercial Services
HSII,Heidrick & Struggles International Inc. Common Stock,$43.34,-1.51,-3.367%,845075132.00,United States,1999,154007,Technology,Diversified Commercial Services
HSON,Hudson Global Inc. Common Stock,$17.77,-0.27,-1.497%,47758066.00,United States,,4806,Technology,Professional Services
HUBS,HubSpot Inc. Common Stock,$593.53,22.69,3.975%,27733149829.00,United States,2014,735234,Technology,Computer Software: Prepackaged Software
IBEX,IBEX Limited Common Shares,$19.09,1.09,6.056%,351030108.00,Bermuda,2020,67124,Technology,EDP Services
IBM,International Business Machines Corporation Common Stock,$143.12,-2.48,-1.703%,127880987143.00,United States,,9014556,Technology,EDP Services
ICHR,Ichor Holdings Ordinary Shares,$48.55,-4.31,-8.154%,1363246325.00,United States,2016,446321,Technology,Semiconductors
ICLK,iClick Interactive Asia Group Limited American Depositary Shares,$11.40,0.35,3.167%,1047059927.00,Hong Kong,2017,452244,Technology,Computer Software: Prepackaged Software
IDN,Intellicheck Inc. Common Stock,$7.82,0.42,5.676%,146169579.00,United States,1999,581300,Technology,Retail: Computer Software & Peripheral Equipment
IEC,IEC Electronics Corp. Common Stock,$10.27,-0.25,-2.376%,109060827.00,United States,,42020,Technology,Electrical Products
IGC,India Globalization Capital Inc. Common Stock,$1.55,-0.01,-0.641%,74907273.00,United States,,468811,Technology,Engineering & Construction
III,Information Services Group Inc. Information Services Group Inc. Common Stock,$5.54,-0.15,-2.636%,265999837.00,United States,,308084,Technology,Retail: Computer Software & Peripheral Equipment
IIIV,i3 Verticals Inc. Class A Common Stock,$30.01,-0.97,-3.131%,964987515.00,United States,2018,651425,Technology,EDP Services
IMMR,Immersion Corporation Common Stock,$8.26,-0.66,-7.399%,255114569.00,United States,1999,1314222,Technology,Computer peripheral equipment
IMOS,ChipMOS TECHNOLOGIES INC. American Depositary Shares,$33.97,-1.46,-4.121%,1235217344.00,Taiwan,,19119,Technology,Semiconductors
IMXI,International Money Express Inc. Common Stock,$15.53,0.49,3.258%,607892157.00,United States,2017,417525,Technology,EDP Services
INFO,IHS Markit Ltd. Common Shares,$108.19,-2.59,-2.338%,45844888568.00,Bermuda,1996,2718747,Technology,EDP Services
INFY,Infosys Limited American Depositary Shares,$20.19,-0.48,-2.322%,85721834456.00,India,,11423412,Technology,EDP Services
INOD,Innodata Inc. Common Stock,$7.33,-0.28,-3.679%,192902239.00,United States,1993,116835,Technology,EDP Services
INOV,Inovalon Holdings Inc. Class A Common Stock,$32.09,-0.08,-0.249%,5002614200.00,United States,2015,488794,Technology,EDP Services
INPX,Inpixon Common Stock,$1.10,-0.05,-4.348%,122958688.00,United States,2014,3618436,Technology,Computer Software: Prepackaged Software
INS,Intelligent Systems Corporation Common Stock,$31.34,0.19,0.61%,278372849.00,United States,1992,60357,Technology,Retail: Computer Software & Peripheral Equipment
INTC,Intel Corporation Common Stock,$55.67,-1.51,-2.641%,224795460000.00,United States,,55108492,Technology,Semiconductors
INTT,inTest Corporation Common Stock,$15.58,-2.16,-12.176%,167440301.00,United States,1997,537301,Technology,Semiconductors
INTU,Intuit Inc. Common Stock,$473.40,-1.33,-0.28%,129360936524.00,United States,1993,1571121,Technology,Computer Software: Prepackaged Software
INUV,Inuvo Inc.,$0.7835,-0.0265,-3.272%,92857446.00,United States,,906844,Technology,Advertising
INVE,Identiv Inc. Common Stock,$16.06,-1.51,-8.594%,353053308.00,United States,,552164,Technology,Computer peripheral equipment
IPDN,Professional Diversity Network Inc. Common Stock,$1.59,-0.24,-13.115%,21409385.00,United States,2013,345813,Technology,EDP Services
IPG,Interpublic Group of Companies Inc. (The) Common Stock,$31.51,-0.92,-2.837%,12395266668.00,United States,,8422435,Technology,Advertising
IPGP,IPG Photonics Corporation Common Stock,$203.44,-5.65,-2.702%,10900032418.00,United States,2006,968979,Technology,Semiconductors
IQ,iQIYI Inc. American Depositary Shares,$14.61,-0.17,-1.15%,11531452506.00,China,2018,6709625,Technology,Internet and Information Services
ISDR,Issuer Direct Corporation Common Stock,$25.46,1.06,4.344%,95881724.00,United States,,16843,Technology,EDP Services
ISIG,Insignia Systems Inc. Common Stock,$7.84,0.06,0.771%,13751595.00,United States,1991,5152,Technology,Advertising
ISUN,iSun Inc. Common Stock,$11.63,-0.21,-1.774%,105690730.00,United States,2016,710082,Technology,Semiconductors
ITRN,Ituran Location and Control Ltd. Ordinary Shares,$26.67,-0.83,-3.018%,555090871.00,Israel,2005,382346,Technology,Electronic Components
IZEA,IZEA Worldwide Inc. Common Stock,$2.56,-0.06,-2.29%,158020093.00,United States,,1038160,Technology,Advertising
JAMF,Jamf Holding Corp. Common Stock,$32.51,0.64,2.008%,3832436604.00,United States,2020,759040,Technology,Computer Software: Prepackaged Software
JBL,Jabil Inc. Common Stock,$55.66,-2.17,-3.752%,8282094621.00,United States,1993,2434757,Technology,Electrical Products
JCOM,j2 Global Inc. Common Stock,$131.49,-2.10,-1.572%,5931802915.00,United States,1999,645389,Technology,Telecommunications Equipment
JG,Aurora Mobile Limited American Depositary Shares,$3.00,-0.11,-3.537%,353740128.00,China,2018,514456,Technology,EDP Services
JKHY,Jack Henry & Associates Inc. Common Stock,$164.55,1.36,0.833%,12207236366.00,United States,1985,974603,Technology,Retail: Computer Software & Peripheral Equipment
JKS,JinkoSolar Holding Company Limited American Depositary Shares (each representing 4 Common Shares),$39.35,-0.61,-1.527%,1876165817.00,China,2010,1672259,Technology,Semiconductors
JNPR,Juniper Networks Inc. Common Stock,$26.93,-0.82,-2.955%,8826041432.00,United States,1999,10516088,Technology,Computer peripheral equipment
JOB,GEE Group Inc. Common Stock,$0.5195,-0.0205,-3.796%,58963486.00,United States,,7017782,Technology,Diversified Commercial Services
JOBS,51job Inc. American Depositary Shares,$74.65,0.22,0.296%,5033868523.00,China,2004,311088,Technology,Diversified Commercial Services
JT,Jianpu Technology Inc. American depositary shares,$2.62,-0.14,-5.072%,55495200.00,,2017,68740,Technology,EDP Services
KAI,Kadant Inc Common Stock,$169.08,-2.47,-1.44%,1957571042.00,United States,,70104,Technology,Industrial Machinery/Components
KARO,Karooooo Ltd. Ordinary Shares,$35.57,-0.555,-1.536%,766191815.00,Singapore,2021,12172,Technology,Computer Software: Prepackaged Software
KBNT,Kubient Inc. Common Stock,$5.24,-0.10,-1.873%,73268148.00,United States,2020,218850,Technology,EDP Services
KBNTW,Kubient Inc. Warrant,$1.8513,-0.0137,-0.735%,0.00,United States,2020,1100,Technology,EDP Services
KC,Kingsoft Cloud Holdings Limited American Depositary Shares,$34.55,1.41,4.255%,7715854116.00,China,2020,8766077,Technology,Computer Software: Prepackaged Software
KELYA,Kelly Services Inc. Class A Common Stock,$23.53,-1.13,-4.582%,926353652.00,United States,,657910,Technology,Diversified Commercial Services
KELYB,Kelly Services Inc. Class B Common Stock,$23.80,-0.76,-3.094%,936983295.00,United States,,1000,Technology,Diversified Commercial Services
KFRC,Kforce Inc. Common Stock,$58.82,-2.08,-3.415%,1289036536.00,United States,1995,186309,Technology,Diversified Commercial Services
KFY,Korn Ferry Common Stock,$62.88,-2.65,-4.044%,3395945635.00,United States,1999,410418,Technology,Diversified Commercial Services
KLIC,Kulicke and Soffa Industries Inc. Common Stock,$53.97,-2.50,-4.427%,3349029230.00,Singapore,,1212637,Technology,Semiconductors
KLR,Kaleyra Inc. Common Stock,$11.79,0.11,0.942%,369113491.00,United States,2018,240229,Technology,Internet and Information Services
KNBE,KnowBe4 Inc. Class A Common Stock,$33.66,3.86,12.953%,5711170796.00,United States,2021,4308412,Technology,Computer Software: Programming Data Processing
KTCC,Key Tronic Corporation Common Stock,$6.68,-0.07,-1.037%,71874662.00,United States,1983,32070,Technology,Computer peripheral equipment
KVHI,KVH Industries Inc. Common Stock,$12.18,-0.41,-3.257%,228505155.00,United States,1996,284193,Technology,Radio And Television Broadcasting And Communications Equipment
LASR,nLIGHT Inc. Common Stock,$29.95,-1.16,-3.729%,1282093251.00,United States,2018,453465,Technology,Semiconductors
LAZR,Luminar Technologies Inc.  Class A Common Stock,$23.41,0.25,1.079%,7955474588.00,United States,2019,6001197,Technology,EDP Services
LDL,Lydall Inc. Common Stock,$33.29,-1.19,-3.451%,599852344.00,United States,,103162,Technology,Industrial Machinery/Components
LDOS,Leidos Holdings Inc. Common Stock,$103.44,-2.46,-2.323%,14628501247.00,United States,,1790877,Technology,EDP Services
LEDS,SemiLEDS Corporation Common Stock,$19.35,1.42,7.92%,78731725.00,Taiwan,2010,7689971,Technology,Semiconductors
LFUS,Littelfuse Inc. Common Stock,$239.01,-10.75,-4.304%,5868945283.00,United States,,260197,Technology,Electronic Components
LINX,Linx S.A. American Depositary Shares each representing one common share,$7.45,-0.05,-0.667%,1311702018.00,,2019,113471,Technology,Computer Software: Prepackaged Software
LITE,Lumentum Holdings Inc. Common Stock,$80.02,-1.12,-1.38%,6073518000.00,United States,,1005477,Technology,Computer peripheral equipment
LIZI,LIZHI INC. American Depositary Shares,$6.13,-0.07,-1.129%,307089455.00,China,2020,1027691,Technology,Computer Software: Programming Data Processing
LOGI,Logitech International S.A. Ordinary Shares,$123.78,-2.35,-1.863%,20849500477.00,United States,1997,1017855,Technology,Computer peripheral equipment
LPSN,LivePerson Inc. Common Stock,$61.59,1.72,2.873%,4246851239.00,United States,2000,863667,Technology,EDP Services
LRCX,Lam Research Corporation Common Stock,$612.66,-27.12,-4.239%,87377168520.00,United States,1984,2113018,Technology,Industrial Machinery/Components
LSCC,Lattice Semiconductor Corporation Common Stock,$50.75,-0.77,-1.495%,6929997963.00,United States,,3142809,Technology,Semiconductors
MAN,ManpowerGroup Common Stock,$113.57,-3.48,-2.973%,6192486248.00,United States,,731983,Technology,Professional Services
MANH,Manhattan Associates Inc. Common Stock,$139.78,-3.01,-2.108%,8892434721.00,United States,1998,617238,Technology,Computer Software: Prepackaged Software
MANT,ManTech International Corporation Common Stock $0.01 Par Value,$87.80,-2.85,-3.144%,3564801515.00,United States,2002,337201,Technology,EDP Services
MCFE,McAfee Corp. Class A Common Stock,$28.18,-0.41,-1.434%,12147254343.00,United States,2020,2806160,Technology,Computer Software: Prepackaged Software
MCHP,Microchip Technology Incorporated Common Stock,$145.62,-4.61,-3.069%,39831643779.00,United States,1993,3869225,Technology,Semiconductors
MCO,Moody's Corporation Common Stock,$348.76,-6.59,-1.855%,65287872000.00,United States,,1054030,Technology,Advertising
MDB,MongoDB Inc. Class A Common Stock,$384.02,10.91,2.924%,23863037362.00,United States,2017,1440394,Technology,Retail: Computer Software & Peripheral Equipment
MDCA,MDC Partners Inc. CL A Subordinate Voting Shares,$5.12,0.07,1.386%,402460575.00,Canada,,396221,Technology,Advertising
MDLA,Medallia Inc. Common Stock,$31.85,-0.15,-0.469%,5051101979.00,United States,2019,2008179,Technology,EDP Services
MDRX,Allscripts Healthcare Solutions Inc. Common Stock,$17.50,-0.22,-1.242%,2470390405.00,United States,,2948145,Technology,EDP Services
MFC,Manulife Financial Corporation Common Stock,$19.36,-0.28,-1.426%,37596840655.00,Canada,,4922565,Technology,Advertising
MFGP,Micro Focus Intl PLC ADS each representing One Ord Sh,$7.08,0.03,0.426%,2375682516.00,,2017,962404,Technology,Computer Software: Prepackaged Software
MFH,Mercurity Fintech Holding Inc. ADS,$6.04,-0.08,-1.307%,58267463.00,China,2015,262413,Technology,EDP Services
MGIC,Magic Software Enterprises Ltd. Ordinary Shares,$15.00,0.06,0.402%,735525825.00,Israel,1991,21131,Technology,Computer Software: Prepackaged Software
MGNI,Magnite Inc. Common Stock,$29.49,-2.14,-6.766%,3800053326.00,United States,,4506471,Technology,Advertising
MGRC,McGrath RentCorp Common Stock,$78.13,-1.71,-2.142%,1892177342.00,United States,1984,254868,Technology,Diversified Commercial Services
MICT,MICT Inc. Common Stock,$2.27,0.02,0.889%,258573078.00,United States,,2167167,Technology,EDP Peripherals
MIME,Mimecast Limited Ordinary Shares,$53.21,-0.24,-0.449%,3467654569.00,United Kingdom,2015,2019249,Technology,EDP Services
MIND,MIND Technology Inc. Common Stock (DE),$1.93,-0.07,-3.50%,26583322.00,United States,1994,150704,Technology,Diversified Commercial Services
MINDP,MIND Technology Inc. Series A 9.00% Series A Cumulative Preferred Stock (DE),$24.80,-0.145,-0.581%,0.00,United States,,3094,Technology,Diversified Commercial Services
MITK,Mitek Systems Inc. Common Stock,$19.00,-0.39,-2.011%,834495789.00,United States,,685480,Technology,Computer Software: Prepackaged Software
MIXT,MiX Telematics Limited American Depositary Shares each representing 25 Ordinary Shares,$13.89,-0.02,-0.144%,336459415.00,South Africa,2013,298307,Technology,Computer Software: Prepackaged Software
MNDO,MIND C.T.I. Ltd. Ordinary Shares,$3.20,-0.01,-0.312%,63954643.00,Israel,,29580,Technology,EDP Services
MNTX,Manitex International Inc. Common Stock,$7.30,0.01,0.137%,145275767.00,United States,,8269,Technology,Industrial Machinery/Components
MODN,Model N Inc. Common Stock,$35.26,-0.30,-0.844%,1254096722.00,United States,2013,185939,Technology,EDP Services
MOMO,Momo Inc. American Depositary Shares,$14.80,-0.33,-2.181%,3050727952.00,China,2014,3325284,Technology,Computer Software: Prepackaged Software
MORN,Morningstar Inc. Common Stock,$242.48,-1.74,-0.712%,10413542200.00,United States,2005,106004,Technology,Advertising
MOSY,MoSys Inc. Common Stock,$6.50,0.01,0.154%,56046133.00,United States,2001,5500975,Technology,Semiconductors
MOXC,Moxian Inc. Common Stock,$11.62,-0.17,-1.442%,188145567.00,China,,1037132,Technology,Computer Software: Programming Data Processing
MPWR,Monolithic Power Systems Inc. Common Stock,$353.96,-2.12,-0.595%,16195085840.00,United States,2004,625887,Technology,Semiconductors
MRAM,Everspin Technologies Inc. Common Stock,$6.54,-0.10,-1.506%,126044903.00,United States,2016,93329,Technology,Semiconductors
MRIN,Marin Software Incorporated Common Stock,$1.64,0.04,2.50%,17986418.00,United States,,370346,Technology,Computer Software: Prepackaged Software
MRVL,Marvell Technology Inc. Common Stock,$54.27,-0.85,-1.542%,44462361093.00,Bermuda,2000,18782793,Technology,Semiconductors
MSCI,MSCI Inc Common Stock,$502.90,-2.64,-0.522%,41450349176.00,United States,,628835,Technology,Advertising
MSFT,Microsoft Corporation Common Stock,$259.43,-1.47,-0.563%,1953916385766.00,United States,1986,37090462,Technology,Computer Software: Prepackaged Software
MSGM,Motorsport Games Inc. Class A Common Stock,$12.10,-0.93,-7.137%,140794354.00,United States,2021,53519,Technology,Computer Software: Prepackaged Software
MSI,Motorola Solutions Inc. Common Stock,$207.03,-3.85,-1.826%,35126300826.00,United States,,1033652,Technology,Radio And Television Broadcasting And Communications Equipment
MSP,Datto Holding Corp. Common Stock,$26.55,0.10,0.378%,4281870446.00,United States,2020,282379,Technology,Computer Software: Prepackaged Software
MSTR,MicroStrategy Incorporated Common Stock Class A,$646.46,15.65,2.481%,6300782511.00,United States,1998,1541490,Technology,Computer Software: Prepackaged Software
MTLS,Materialise NV American Depositary Shares,$23.08,-0.11,-0.474%,1342577610.00,Belgium,2014,1971924,Technology,Computer Software: Prepackaged Software
MTSI,MACOM Technology Solutions Holdings Inc. Common Stock,$58.67,-1.34,-2.233%,4028832290.00,United States,2012,614412,Technology,Semiconductors
MU,Micron Technology Inc. Common Stock,$76.95,-3.69,-4.576%,86292927419.00,United States,,39858444,Technology,Semiconductors
MX,Magnachip Semiconductor Corporation Common Stock,$24.01,0.49,2.083%,1107598731.00,Luxembourg,2011,1851837,Technology,Semiconductors
MXIM,Maxim Integrated Products Inc. Common Stock,$99.90,-2.68,-2.613%,26809529035.00,United States,1988,4637091,Technology,Semiconductors
MXL,MaxLinear Inc. Common Stock,$38.77,-1.15,-2.881%,2922405525.00,United States,2010,951779,Technology,Semiconductors
MYSZ,My Size Inc. Common Stock,$1.28,-0.02,-1.538%,19249059.00,Israel,,126130,Technology,Retail: Computer Software & Peripheral Equipment
NATI,National Instruments Corporation Common Stock,$42.24,0.09,0.214%,5559081201.00,United States,1995,896069,Technology,Computer Software: Prepackaged Software
NCMI,National CineMedia Inc. Common Stock,$5.03,-0.03,-0.593%,406600880.00,United States,2007,600176,Technology,Advertising
NCNO,nCino Inc. Common Stock,$65.43,1.68,2.635%,6244290720.00,United States,2020,1002346,Technology,Computer Software: Prepackaged Software
NCTY,The9 Limited American Depository Shares,$16.50,-2.25,-12.00%,267852618.00,China,2004,1849266,Technology,Computer Software: Prepackaged Software
NET,Cloudflare Inc. Class A Common Stock,$101.68,0.99,0.983%,31584452493.00,United States,2019,7300753,Technology,EDP Services
NETE,Net Element Inc. Common Stock,$11.47,-0.20,-1.714%,59750270.00,United States,,50560,Technology,EDP Services
NEWR,New Relic Inc. Common Stock,$71.23,-0.41,-0.572%,4544061721.00,United States,2014,597228,Technology,Computer Software: Prepackaged Software
NICE,NICE Ltd American Depositary Shares,$223.12,-3.88,-1.709%,14083655916.00,Israel,,502088,Technology,Computer Software: Prepackaged Software
NLOK,NortonLifeLock Inc. Common Stock,$26.82,-0.70,-2.544%,15554123344.00,United States,,11454403,Technology,Computer Software: Prepackaged Software
NNDM,Nano Dimension Ltd. American Depositary Shares,$7.68,-0.46,-5.651%,1969837693.00,Israel,,12728007,Technology,Electrical Products
NOK,Nokia Corporation Sponsored American Depositary Shares,$5.10,-0.06,-1.163%,28709588100.00,Finland,1994,32534180,Technology,Radio And Television Broadcasting And Communications Equipment
NOW,ServiceNow Inc. Common Stock,$533.74,3.34,0.63%,105385888581.00,United States,2012,2236671,Technology,Computer Software: Prepackaged Software
NPTN,NeoPhotonics Corporation Common Stock,$10.03,-0.73,-6.784%,514837182.00,United States,2011,1809989,Technology,Semiconductors
NSIT,Insight Enterprises Inc. Common Stock,$98.05,-2.80,-2.776%,3463234051.00,United States,1995,397363,Technology,EDP Services
NSP,Insperity Inc. Common Stock,$92.10,-2.27,-2.405%,3561966671.00,United States,,348454,Technology,Professional Services
NTAP,NetApp Inc. Common Stock,$78.16,-3.31,-4.063%,17398505650.00,United States,1995,4457403,Technology,Electronic Components
NTCT,NetScout Systems Inc. Common Stock,$29.13,-1.35,-4.429%,2148410878.00,United States,1999,926206,Technology,EDP Services
NTNX,Nutanix Inc. Class A Common Stock,$36.90,-0.31,-0.833%,7806737688.00,United States,2016,11588050,Technology,EDP Services
NTWK,NetSol Technologies Inc. Common  Stock,$4.88,0.10,2.092%,55176598.00,United States,,17682,Technology,Computer Software: Prepackaged Software
NUAN,Nuance Communications Inc. Common Stock,$54.46,-0.18,-0.329%,16784279495.00,United States,,7383585,Technology,Computer Software: Prepackaged Software
NVDA,NVIDIA Corporation Common Stock,$745.55,-0.74,-0.099%,464477650000.00,United States,1999,24191762,Technology,Semiconductors
NVEC,NVE Corporation Common Stock,$67.77,-1.89,-2.713%,327548133.00,United States,,70774,Technology,Semiconductors
NXPI,NXP Semiconductors N.V. Common Stock,$193.10,-5.33,-2.686%,53246712294.00,Netherlands,2010,4795803,Technology,Semiconductors
OBLG,Oblong Inc. Common Stock,$3.53,-0.06,-1.671%,93954649.00,United States,,125701,Technology,Computer Software: Prepackaged Software
OCFT,OneConnect Financial Technology Co. Ltd. American Depositary Shares each representing three ordinary shares,$11.93,-0.07,-0.583%,4652623087.00,China,2019,8586365,Technology,Computer Software: Programming Data Processing
OEG,Orbital Energy Group Inc. Common Stock,$4.53,-0.14,-2.998%,236560161.00,United States,,2104336,Technology,Electronic Components
OIIM,O2Micro International Limited American Depositary Shares,$6.89,-0.17,-2.408%,194794418.00,Cayman Islands,,147137,Technology,Semiconductors
OKTA,Okta Inc. Class A Common Stock,$239.26,7.10,3.058%,36618590113.00,United States,2017,4425936,Technology,EDP Services
OLB,The OLB Group Inc. Common Stock,$5.00,-0.39,-7.236%,35573870.00,United States,,64642,Technology,EDP Services
OLED,Universal Display Corporation Common Stock,$208.93,-6.37,-2.959%,9848894805.00,United States,,826687,Technology,Semiconductors
OLO,Olo Inc. Class A Common Stock,$37.75,-0.55,-1.436%,5568632096.00,,2021,1805367,Technology,Computer Software: Prepackaged Software
OMC,Omnicom Group Inc. Common Stock,$77.63,-3.19,-3.947%,16696720253.00,United States,,2647468,Technology,Advertising
ON,ON Semiconductor Corporation Common Stock,$35.78,-1.22,-3.297%,15278349818.00,United States,,8732027,Technology,Semiconductors
ONEM,1Life Healthcare Inc. Common Stock,$33.88,0.09,0.266%,4665804426.00,United States,2020,1168763,Technology,Computer Software: Prepackaged Software
ONTF,ON24 Inc. Common Stock,$36.52,-0.71,-1.907%,1693349536.00,,2021,267917,Technology,Computer Software: Prepackaged Software
ONTO,Onto Innovation Inc. Common Stock,$68.57,-3.30,-4.592%,3362649006.00,United States,,639733,Technology,Semiconductors
OPRA,Opera Limited American Depositary Shares,$10.02,0.06,0.602%,1153761577.00,Norway,2018,88174,Technology,Computer Software: Prepackaged Software
ORCL,Oracle Corporation Common Stock,$76.23,-1.33,-1.715%,219811873050.00,United States,1986,22478591,Technology,Computer Software: Prepackaged Software
OSPN,OneSpan Inc. Common Stock,$26.04,-0.92,-3.412%,1048502319.00,United States,,751567,Technology,EDP Services
OSS,One Stop Systems Inc. Common Stock,$5.58,-0.20,-3.46%,103288116.00,United States,2018,111565,Technology,Computer Manufacturing
OTEX,Open Text Corporation Common Shares,$49.72,-0.55,-1.094%,13583384871.00,Canada,1996,935154,Technology,EDP Services
PAGS,PagSeguro Digital Ltd. Class A Common Shares,$55.10,1.51,2.818%,18128196934.00,Cayman Islands,2018,3479805,Technology,EDP Services
PANW,Palo Alto Networks Inc. Common Stock,$371.71,-0.36,-0.097%,36201163261.00,United States,2012,1438053,Technology,EDP Services
PAR,PAR Technology Corporation Common Stock,$65.59,-1.85,-2.743%,1697326542.00,United States,,445576,Technology,Computer Software: Prepackaged Software
PATH,UiPath Inc. Class A Common Stock,$69.75,-0.25,-0.357%,35490960297.00,,2021,3173438,Technology,Computer Software: Prepackaged Software
PAY,Paymentus Holdings Inc. Class A Common Stock,$29.26,-0.63,-2.108%,3433959130.00,,2021,99611,Technology,Retail: Computer Software & Peripheral Equipment
PAYA,Paya Holdings Inc. Class A Common Stock,$10.86,-0.10,-0.912%,1375934763.00,United States,,1673899,Technology,Computer Software: Prepackaged Software
PAYAW,Paya Holdings Inc. Warrant,$2.58,-0.05,-1.901%,0.00,United States,,35869,Technology,Computer Software: Prepackaged Software
PAYC,Paycom Software Inc. Common Stock,$352.34,3.84,1.102%,21204974056.00,,2014,693072,Technology,Computer Software: Prepackaged Software
PBTS,Powerbridge Technologies Co. Ltd. Ordinary Shares,$1.40,-0.04,-2.778%,12879359.00,China,2019,297878,Technology,EDP Services
PCOR,Procore Technologies Inc. Common Stock,$91.05,6.22,7.332%,11666671173.00,,2021,699802,Technology,EDP Services
PCTI,PCTEL Inc. Common Stock,$6.70,-0.14,-2.047%,124396890.00,United States,1999,399010,Technology,Radio And Television Broadcasting And Communications Equipment
PCTY,Paylocity Holding Corporation Common Stock,$181.20,1.15,0.639%,9871653146.00,United States,2014,280105,Technology,Computer Software: Prepackaged Software
PCYG,Park City Group Inc. Common Stock,$5.48,-0.06,-1.083%,106638268.00,United States,,97873,Technology,EDP Services
PD,PagerDuty Inc. Common Stock,$43.72,1.52,3.602%,3656821944.00,,2019,1703648,Technology,Retail: Computer Software & Peripheral Equipment
PDFS,PDF Solutions Inc. Common Stock,$17.53,-0.24,-1.351%,647378973.00,United States,2001,224843,Technology,EDP Services
PEGA,Pegasystems Inc. Common Stock,$137.15,0.71,0.52%,11145794148.00,United States,1996,1262823,Technology,EDP Services
PERI,Perion Network Ltd. Ordinary Shares,$16.14,-0.18,-1.103%,546364404.00,Israel,,320395,Technology,EDP Services
PFPT,Proofpoint Inc. Common Stock,$173.10,-0.53,-0.305%,9972883002.00,United States,2012,2063554,Technology,EDP Services
PHUN,Phunware Inc. Common Stock,$1.30,0.00,0.00%,93161813.00,Greece,2016,1030078,Technology,EDP Services
PHUNW,Phunware Inc. Warrants,$0.2435,0.0153,6.705%,0.00,Greece,2016,2700,Technology,EDP Services
PING,Ping Identity Holding Corp. Common Stock,$23.70,0.25,1.066%,1945453961.00,United States,2019,1369524,Technology,EDP Services
PIXY,ShiftPixy Inc. Common Stock,$2.48,-0.05,-1.976%,57621922.00,United States,2017,576154,Technology,Diversified Commercial Services
PLAB,Photronics Inc. Common Stock,$13.27,-0.90,-6.351%,822461330.00,United States,1987,1051088,Technology,Semiconductors
PLAN,Anaplan Inc. Common Stock,$54.82,1.18,2.20%,7934208733.00,United States,2018,2711458,Technology,Computer Software: Prepackaged Software
PLTK,Playtika Holding Corp. Common Stock,$23.96,-0.82,-3.309%,9814117063.00,Israel,2021,861119,Technology,EDP Services
PLTR,Palantir Technologies Inc. Class A Common Stock,$25.37,-0.08,-0.314%,47613053758.00,,2020,65762662,Technology,Retail: Computer Software & Peripheral Equipment
PLUS,ePlus inc. Common Stock,$86.13,-4.08,-4.523%,1162993322.00,United States,1996,236806,Technology,Retail: Computer Software & Peripheral Equipment
PLXS,Plexus Corp. Common Stock,$87.30,-2.65,-2.946%,2496254716.00,United States,,283572,Technology,Electrical Products
POWI,Power Integrations Inc. Common Stock,$78.82,-3.71,-4.495%,4780841839.00,United States,1997,462432,Technology,Semiconductors
PRAA,PRA Group Inc. Common Stock,$39.88,0.06,0.151%,1826498217.00,United States,2002,439170,Technology,Advertising
PRCH,Porch Group Inc. Common Stock,$17.89,-0.24,-1.324%,1720998625.00,United States,2020,1948742,Technology,Computer Software: Prepackaged Software
PRFT,Perficient Inc. Common Stock,$79.76,0.58,0.733%,2635813326.00,United States,1999,457698,Technology,EDP Services
PRG,PROG Holdings Inc. Common Stock,$47.33,-2.57,-5.15%,3205154848.00,United States,,905888,Technology,Diversified Commercial Services
PRGS,Progress Software Corporation Common Stock (DE),$45.26,-1.37,-2.938%,1991578269.00,United States,1991,531569,Technology,Computer Software: Prepackaged Software
PRO,PROS Holdings Inc. Common Stock,$50.65,-0.13,-0.256%,2241407156.00,United States,2007,410806,Technology,EDP Services
PRTH,Priority Technology Holdings Inc. Common Stock,$7.80,0.22,2.902%,527684804.00,United States,2016,31137,Technology,EDP Services
PSTG,Pure Storage Inc. Class A Common Stock,$18.91,-0.45,-2.324%,5356350272.00,,2015,6272220,Technology,Electronic Components
PT,Pintec Technology Holdings Limited American Depositary Shares,$0.9449,-0.0239,-2.467%,40948082.00,China,2018,246578,Technology,Computer Software: Programming Data Processing
PTC,PTC Inc. Common Stock,$131.75,-2.52,-1.877%,15395620691.00,United States,,1007965,Technology,Computer Software: Prepackaged Software
PUBM,PubMatic Inc. Class A Common Stock,$33.71,-0.80,-2.318%,1612231450.00,United States,2020,1213880,Technology,Computer Software: Prepackaged Software
PXLW,Pixelworks Inc.  Common Stock,$3.28,-0.17,-4.928%,171256741.00,United States,2000,690244,Technology,Semiconductors
QADA,QAD Inc. Class A Common Stock,$72.93,-3.77,-4.915%,1510520326.00,United States,,161426,Technology,Computer Software: Prepackaged Software
QADB,QAD Inc. Class B Common Stock,$50.5005,0.00,0.00%,1045962316.00,United States,,396,Technology,Computer Software: Prepackaged Software
QCOM,QUALCOMM Incorporated Common Stock,$133.00,-2.35,-1.736%,150024000000.00,United States,1991,12752355,Technology,Computer peripheral equipment
QD,Qudian Inc. American Depositary Shares each representing one Class A Ordinary Share,$2.68,0.10,3.876%,678276371.00,China,2017,13653480,Technology,Computer Software: Prepackaged Software
QLYS,Qualys Inc. Common Stock,$105.95,-2.08,-1.925%,4147082928.00,United States,2012,1396755,Technology,Computer Software: Prepackaged Software
QMCO,Quantum Corporation Common Stock,$7.62,-0.17,-2.182%,435002643.00,United States,,1019165,Technology,Electronic Components
QNST,QuinStreet Inc. Common Stock,$18.05,-0.32,-1.742%,967831452.00,United States,2010,394976,Technology,Advertising
QTT,Qutoutiao Inc. American Depositary Shares,$1.90,0.01,0.529%,546234329.00,China,2018,1876848,Technology,Computer Software: Prepackaged Software
QTWO,Q2 Holdings Inc. Common Stock,$103.90,-0.14,-0.135%,5850121709.00,,2014,633449,Technology,EDP Services
QUIK,QuickLogic Corporation Common Stock,$6.40,-0.03,-0.467%,73281824.00,United States,1999,44342,Technology,Semiconductors
QUMU,Qumu Corporation Common Stock,$2.95,-0.105,-3.437%,51895730.00,United States,,252959,Technology,Retail: Computer Software & Peripheral Equipment
QUOT,Quotient Technology Inc. Common Stock,$10.77,-0.37,-3.321%,1005513371.00,,2014,1862916,Technology,Advertising
RAAS,Cloopen Group Holding Limited American Depositary Shares each representing two Class A Ordinary Shares,$7.97,-0.08,-0.994%,1310030287.00,,2021,699373,Technology,Computer Software: Prepackaged Software
RAMP,LiveRamp Holdings Inc. Common Stock,$41.50,-0.95,-2.238%,2839156142.00,United States,2018,1830728,Technology,EDP Services
RBBN,Ribbon Communications Inc. Common Stock,$7.40,-0.66,-8.189%,1090519271.00,United States,,2014014,Technology,EDP Services
RBCN,Rubicon Technology Inc. Common Stock,$9.84,0.105,1.079%,24023819.00,United States,2007,1429,Technology,Semiconductors
RBLX,Roblox Corporation Class A Common Stock,$81.14,-1.84,-2.217%,46236124908.00,,2021,11115615,Technology,EDP Services
RCAT,Red Cat Holdings Inc. Common Stock,$2.80,-0.23,-7.591%,94833340.00,United States,,295852,Technology,Retail: Computer Software & Peripheral Equipment
RCII,Rent-A-Center Inc. Common Stock,$54.20,-2.92,-5.112%,3593966662.00,United States,1995,3441152,Technology,Diversified Commercial Services
RDCM,Radcom Ltd. Ordinary Shares,$10.00,-0.10,-0.99%,139436560.00,Israel,1997,30858,Technology,Computer peripheral equipment
RDVT,Red Violet Inc. Common Stock ,$20.07,-0.34,-1.666%,245691963.00,United States,,43483,Technology,Computer Software: Prepackaged Software
RDWR,Radware Ltd. Ordinary Shares,$30.46,-0.64,-2.058%,1386994272.00,Israel,1999,1400802,Technology,EDP Services
REKR,Rekor Systems Inc. Common Stock,$10.50,0.07,0.671%,430442355.00,United States,,828836,Technology,EDP Services
RELL,Richardson Electronics Ltd. Common Stock,$7.99,-0.06,-0.745%,105529155.00,United States,1983,56436,Technology,Electronic Components
RENN,Renren Inc. American Depositary Shares each representing fifteen Class A ordinary shares,$11.39,-0.01,-0.088%,273580465.00,China,2011,35606,Technology,EDP Services
RESN,Resonant Inc. Common Stock,$3.41,-0.14,-3.944%,206042849.00,United States,2014,4408448,Technology,Semiconductors
RHI,Robert Half International Inc. Common Stock,$86.02,-1.82,-2.072%,9701386524.00,United States,,1570535,Technology,Diversified Commercial Services
RIOT,Riot Blockchain Inc.  Common Stock ,$32.18,-2.12,-6.181%,3087501476.00,United States,,10771697,Technology,Retail: Computer Software & Peripheral Equipment
RMBS,Rambus Inc. Common Stock,$22.27,0.02,0.09%,2505492007.00,United States,1997,1640441,Technology,Semiconductors
RMNI,Rimini Street Inc. (DE) Common Stock,$6.50,-0.34,-4.971%,554229000.00,United States,2015,632314,Technology,EDP Services
RNG,RingCentral Inc. Class A Common Stock,$288.96,3.81,1.336%,26258664970.00,,2013,1164647,Technology,EDP Services
RNWK,RealNetworks Inc. Common Stock,$2.32,-0.09,-3.734%,108825175.00,United States,1997,868630,Technology,EDP Services
ROL,Rollins Inc. Common Stock,$33.09,-0.28,-0.839%,16284367144.00,United States,,2011411,Technology,Industrial Specialties
RPAY,Repay Holdings Corporation Class A Common Stock,$24.83,0.10,0.404%,2247763262.00,United States,2018,1152854,Technology,EDP Services
RPD,Rapid7 Inc. Common Stock,$93.98,-0.49,-0.519%,5181113829.00,United States,2015,856617,Technology,Computer Software: Prepackaged Software
RSSS,Research Solutions Inc Common Stock,$2.50,0.10,4.167%,65880020.00,United States,,411424,Technology,Retail: Computer Software & Peripheral Equipment
RXN,Rexnord Corporation Common Stock,$47.69,-1.92,-3.87%,5709497351.00,United States,2012,1584747,Technology,Industrial Machinery/Components
RXT,Rackspace Technology Inc. Common Stock,$19.25,-0.61,-3.072%,3998384602.00,United States,2020,2134018,Technology,EDP Services
SABR,Sabre Corporation Common Stock,$13.93,-0.03,-0.215%,4450126541.00,United States,2014,8112609,Technology,EDP Services
SABRP,Sabre Corporation 6.50% Series A Mandatory Convertible Preferred Stock,$173.86,-5.59,-3.115%,,United States,,100883,Technology,EDP Services
SAIC,SCIENCE APPLICATIONS INTERNATIONAL CORPORATION Common Stock,$91.58,-1.84,-1.97%,5307902437.00,,,1137620,Technology,EDP Services
SAIL,SailPoint Technologies Holdings Inc. Common Stock,$50.18,0.56,1.129%,4614588428.00,United States,2017,3268032,Technology,Computer Software: Prepackaged Software
SANM,Sanmina Corporation Common Stock,$38.98,-1.18,-2.938%,2537431477.00,United States,1993,1162189,Technology,Electrical Products
SAP,SAP  SE ADS,$140.18,-1.63,-1.149%,165353431881.00,Germany,,847110,Technology,Computer Software: Prepackaged Software
SATS,EchoStar  Corporation Common Stock,$26.90,0.28,1.052%,2426445152.00,United States,,1266721,Technology,Radio And Television Broadcasting And Communications Equipment
SCKT,Socket Mobile Inc. Common Stock,$6.09,-0.19,-3.025%,43411859.00,United States,,45325,Technology,Computer Manufacturing
SCPL,SciPlay Corporation Class A Common Stock,$17.23,0.03,0.174%,420132202.00,United States,2019,258645,Technology,Computer Software: Prepackaged Software
SCSC,ScanSource Inc. Common Stock,$27.90,-0.97,-3.36%,710511584.00,United States,,237933,Technology,Retail: Computer Software & Peripheral Equipment
SCWX,SecureWorks Corp. Class A Common Stock,$20.61,-0.40,-1.904%,1729975309.00,United States,2016,774490,Technology,EDP Services
SDGR,Schrodinger Inc. Common Stock,$74.01,-2.07,-2.721%,5218084671.00,United States,2020,557076,Technology,Computer Software: Prepackaged Software
SE,Sea Limited American Depositary Shares each representing one Class A Ordinary Share,$282.49,-0.75,-0.265%,148147219980.00,United States,2017,2491562,Technology,Computer Software: Prepackaged Software
SEAC,SeaChange International Inc. Common Stock,$1.05,-0.01,-0.943%,50825963.00,United States,1996,2002119,Technology,Radio And Television Broadcasting And Communications Equipment
SEDG,SolarEdge Technologies Inc. Common Stock,$264.23,1.05,0.399%,13733670005.00,Israel,2015,1274018,Technology,Semiconductors
SEMR,SEMrush Holdings Inc. Class A Common Stock,$17.54,-0.68,-3.732%,2378866359.00,,2021,834957,Technology,EDP Services
SFET,Safe-T Group Ltd. American Depositary Share,$1.41,-0.04,-2.759%,36829029.00,Israel,2018,301266,Technology,Computer Software: Prepackaged Software
SFUN,Fang Holdings Limited American Depositary Shares (Each representing Four Class A Ordinary Shares HK$1.00 par value),$11.87,-0.07,-0.586%,106891926.00,China,2010,346,Technology,EDP Services
SGFY,Signify Health Inc. Class A Common Stock,$30.31,-0.22,-0.721%,6838706995.00,,2021,815736,Technology,Retail: Computer Software & Peripheral Equipment
SGH,SMART Global Holdings Inc. Ordinary Shares,$44.11,-1.98,-4.296%,1052035586.00,United States,2017,775393,Technology,Semiconductors
SGLBW,Sigma Labs Inc. Warrant,$0.3185,-0.0515,-13.919%,0.00,United States,,16002,Technology,EDP Services
SGMA,SigmaTron International Inc. Common Stock,$5.06,-0.04,-0.784%,21542990.00,United States,1994,24745,Technology,Electrical Products
SGOC,SGOCO Group Ltd Ordinary Shares (Cayman Islands),$2.02,-0.13,-6.047%,203209267.00,China,2010,111144,Technology,Radio And Television Broadcasting And Communications Equipment
SHLS,Shoals Technologies Group Inc. Class A Common Stock,$30.81,-0.01,-0.032%,5133320989.00,United States,2021,6216129,Technology,Semiconductors
SHSP,SharpSpring Inc. Common Stock,$14.00,0.31,2.264%,179763220.00,United States,,54670,Technology,Retail: Computer Software & Peripheral Equipment
SILC,Silicom Ltd Ordinary Shares,$45.90,0.05,0.109%,315866771.00,Israel,,326410,Technology,Computer Manufacturing
SIMO,Silicon Motion Technology Corporation American Depositary Shares,$62.75,-0.88,-1.383%,2191553978.00,Taiwan,2005,317875,Technology,Semiconductors
SITM,SiTime Corporation Common Stock,$119.44,-3.18,-2.593%,2250218307.00,United States,2019,178966,Technology,Semiconductors
SJ,Scienjoy Holding Corporation Ordinary Shares,$6.40,0.23,3.728%,196893702.00,China,2019,31543,Technology,EDP Services
SKLZ,Skillz Inc. Class A Common Stock,$19.13,0.14,0.737%,7584831280.00,,2020,12891391,Technology,EDP Services
SKYT,SkyWater Technology Inc. Common Stock,$31.14,-2.71,-8.006%,1216320397.00,United States,2021,527852,Technology,Semiconductors
SLAB,Silicon Laboratories Inc. Common Stock,$140.97,-1.27,-0.893%,6308258918.00,United States,2000,956692,Technology,Semiconductors
SLF,Sun Life Financial Inc. Common Stock,$50.05,-0.89,-1.747%,29307159131.00,Canada,,860964,Technology,Advertising
SLP,Simulations Plus Inc. Common Stock,$54.52,-0.51,-0.927%,1096657533.00,United States,,116704,Technology,Computer Software: Prepackaged Software
SMAR,Smartsheet Inc. Class A Common Stock,$70.30,1.88,2.748%,8795370858.00,United States,2018,4554844,Technology,EDP Services
SMCI,Super Micro Computer Inc. Common Stock,$34.26,-1.13,-3.193%,1710750386.00,United States,2020,322209,Technology,Computer Manufacturing
SMSI,Smith Micro Software Inc. Common Stock,$5.15,-0.19,-3.558%,273980391.00,United States,1995,759863,Technology,Computer Software: Prepackaged Software
SMTC,Semtech Corporation Common Stock,$63.41,-2.51,-3.808%,4116978649.00,United States,,666572,Technology,Semiconductors
SNAP,Snap Inc. Class A Common Stock,$63.17,0.88,1.413%,98963111242.00,United States,2017,19266918,Technology,Computer Software: Prepackaged Software
SNCR,Synchronoss Technologies Inc. Common Stock,$2.42,-0.09,-3.586%,106845321.00,United States,2018,2070806,Technology,EDP Services
SNOW,Snowflake Inc. Class A Common Stock,$249.40,3.87,1.576%,73847340000.00,United States,2020,6411740,Technology,Computer Software: Prepackaged Software
SNPS,Synopsys Inc. Common Stock,$265.86,0.72,0.272%,40563563977.00,United States,1992,1376727,Technology,EDP Services
SNX,Synnex Corporation Common Stock,$117.61,-2.03,-1.697%,6106255218.00,United States,2003,579119,Technology,EDP Services
SOGO,Sogou Inc. American Depositary Shares each representing one Class A Ordinary Share,$8.41,-0.02,-0.237%,3259639604.00,United States,2017,695052,Technology,EDP Services
SOHU,Sohu.com Limited American Depositary Shares,$18.51,0.88,4.991%,727560039.00,China,,744082,Technology,EDP Services
SOL,Renesola Ltd. American Depsitary Shares (Each representing 10 shares),$8.28,-0.25,-2.931%,577516810.00,China,2008,7185285,Technology,Semiconductors
SPCB,SuperCom Ltd. Ordinary Shares (Israel),$1.31,-0.04,-2.963%,21334587.00,Israel,,218225,Technology,Semiconductors
SPI,SPI Energy Co. Ltd. Ordinary Shares,$6.80,0.00,0.00%,162268835.00,China,,720480,Technology,Semiconductors
SPLK,Splunk Inc. Common Stock,$129.09,2.79,2.209%,21160093939.00,United States,2012,4375587,Technology,Computer Software: Prepackaged Software
SPNS,Sapiens International Corporation N.V. Common Shares (Cayman Islands),$27.18,-0.50,-1.806%,1365230064.00,Curacao,1992,228373,Technology,Computer Software: Prepackaged Software
SPRT,Support.com Inc. Common Stock,$4.02,-0.07,-1.711%,24225638.00,United States,2000,1133425,Technology,EDP Services
SPSC,SPS Commerce Inc. Common Stock,$98.24,-0.39,-0.395%,3523201750.00,United States,2010,273924,Technology,EDP Services
SPT,Sprout Social Inc Class A Common Stock,$89.09,3.15,3.665%,4774526158.00,United States,2019,1126340,Technology,EDP Services
SPWR,SunPower Corporation Common Stock,$25.37,-1.35,-5.052%,4376861525.00,United States,2005,5063451,Technology,Semiconductors
SQ,Square Inc. Class A Common Stock,$237.05,0.92,0.39%,107945138720.00,United States,2015,8469326,Technology,Computer Software: Prepackaged Software
SQNS,Sequans Communications S.A. American Depositary Shares,$5.78,-0.07,-1.197%,203978217.00,France,2011,101581,Technology,Semiconductors
SQSP,Squarespace Inc. Class A Common Stock,$63.55,1.70,2.749%,8647712034.00,,2021,457200,Technology,EDP Services
SRAX,SRAX Inc. Class A Common Stock,$4.99,-0.52,-9.437%,115699462.00,United States,,629831,Technology,Advertising
SREV,ServiceSource International Inc. Common Stock,$1.15,-0.03,-2.542%,111950804.00,United States,2011,750234,Technology,Retail: Computer Software & Peripheral Equipment
SRNGW,Soaring Eagle Acquisition Corp. Warrant,$2.52,-0.03,-1.176%,0.00,United States,2021,111830,Technology,Computer Communications Equipment
SSNC,SS&C Technologies Holdings Inc. Common Stock,$72.01,-0.33,-0.456%,18418183990.00,United States,2010,1465778,Technology,EDP Services
SSNT,SilverSun Technologies Inc. Common Stock,$8.14,0.74,10.00%,36640346.00,United States,,762642,Technology,Computer Software: Prepackaged Software
SSTI,ShotSpotter Inc. Common Stock,$41.45,1.49,3.729%,483958635.00,United States,2017,156069,Technology,Computer Software: Prepackaged Software
SSYS,Stratasys Ltd. Ordinary Shares (Israel),$21.63,-0.52,-2.348%,1410665340.00,United States,1994,988919,Technology,Computer peripheral equipment
STAF,Staffing 360 Solutions Inc. Common Stock (DE),$0.5956,-0.0101,-1.667%,23327584.00,United States,,1539562,Technology,Diversified Commercial Services
STEM,Stem Inc. Class A Common Stock,$35.09,-0.02,-0.057%,4412725756.00,United States,2020,11858536,Technology,Computer Software: Prepackaged Software
STM,STMicroelectronics N.V. Common Stock,$35.95,-1.90,-5.02%,32310906031.00,Switzerland,,6412312,Technology,Semiconductors
STNE,StoneCo Ltd. Class A Common Shares,$68.29,1.98,2.986%,21130044044.00,Brazil,2018,3589663,Technology,EDP Services
STRM,Streamline Health Solutions Inc. Common Stock,$1.79,-0.06,-3.243%,75978702.00,United States,,49498,Technology,EDP Services
STX,Seagate Technology Holdings PLC Ordinary Shares (Ireland),$85.30,-3.52,-3.963%,19522898035.00,Ireland,2002,4823744,Technology,Electronic Components
SUMO,Sumo Logic Inc. Common Stock,$21.96,0.78,3.683%,2345398777.00,United States,2020,4234233,Technology,Retail: Computer Software & Peripheral Equipment
SUNW,Sunworks Inc. Common Stock,$9.55,-0.28,-2.848%,158806874.00,United States,,2588539,Technology,Semiconductors
SWCH,Switch Inc. Class A Common Stock,$21.92,0.07,0.32%,5295117031.00,,2017,2088454,Technology,EDP Services
SWI,SolarWinds Corporation Common Stock,$17.01,-0.24,-1.391%,5378701227.00,United States,2018,1006125,Technology,Computer Software: Prepackaged Software
SWKS,Skyworks Solutions Inc. Common Stock,$168.31,-4.15,-2.406%,27786724061.00,United States,,2279483,Technology,Semiconductors
SY,So-Young International Inc. American Depository Shares,$9.28,0.25,2.769%,994907835.00,China,2019,969167,Technology,Computer Software: Prepackaged Software
SYKE,Sykes Enterprises Incorporated Common Stock,$53.45,12.28,29.828%,2126168361.00,United States,1996,8151810,Technology,EDP Services
SYNA,Synaptics Incorporated Common Stock $0.001 Par Value,$145.76,-1.34,-0.911%,5131034774.00,United States,2002,681011,Technology,Computer peripheral equipment
SYX,Systemax Inc. Common Stock,$35.16,1.20,3.534%,1326203521.00,United States,,213269,Technology,Industrial Machinery/Components
TACT,TransAct Technologies Incorporated Common Stock,$12.93,-0.17,-1.298%,115924445.00,United States,1996,16414,Technology,Computer peripheral equipment
TAIT,Taitron Components Incorporated Class A Common Stock,$4.95,-0.59,-10.65%,28832993.00,United States,1995,140408,Technology,Electronic Components
TAOP,Taoping Inc. Ordinary Shares ,$4.72,0.02,0.426%,63000880.00,China,,66407,Technology,Computer Software: Prepackaged Software
TBI,TrueBlue Inc. Common Stock,$27.84,-0.75,-2.623%,987522078.00,United States,,474629,Technology,Professional Services
TCX,Tucows Inc. Class A Common Stock,$77.67,1.15,1.503%,825198313.00,Canada,,69969,Technology,EDP Services
TDC,Teradata Corporation Common Stock,$44.84,-1.81,-3.88%,4914464000.00,United States,,1342665,Technology,EDP Services
TEAM,Atlassian Corporation Plc Class A Ordinary Shares,$266.56,4.05,1.543%,66656465411.00,United Kingdom,2015,2064285,Technology,Computer Software: Prepackaged Software
TENB,Tenable Holdings Inc. Common Stock,$43.80,0.48,1.108%,4624890092.00,United States,2018,2089379,Technology,EDP Services
TESS,TESSCO Technologies Incorporated Common Stock,$6.87,-0.4973,-6.75%,61047033.00,United States,1994,23667,Technology,Electronic Components
TGH,Textainer Group Holdings Limited Common Shares,$32.83,2.94,9.836%,1644550268.00,Bermuda,2007,1872725,Technology,Diversified Commercial Services
TLND,Talend S.A. American Depositary Shares,$65.34,-0.04,-0.061%,2129780496.00,France,2016,420561,Technology,EDP Services
TLS,Telos Corporation Common Stock,$35.52,-1.01,-2.765%,2370441017.00,United States,2020,1851592,Technology,EDP Services
TNET,TriNet Group Inc. Common Stock,$70.39,-1.53,-2.127%,4637409344.00,,2014,285027,Technology,Diversified Commercial Services
TPIC,TPI Composites Inc. Common Stock,$44.24,-2.10,-4.532%,1624117866.00,United States,2016,1137395,Technology,Industrial Machinery/Components
TRIT,Triterras Inc. Class A Ordinary Shares,$6.78,-0.02,-0.294%,564067992.00,Singapore,,277791,Technology,EDP Services
TRITW,Triterras Inc. Warrant,$1.43,-0.035,-2.389%,0.00,Singapore,,49401,Technology,EDP Services
TRKA,Troika Media Group Inc. Common Stock,$2.24,-0.26,-10.40%,87204882.00,United States,2021,689598,Technology,Advertising
TRNS,Transcat Inc. Common Stock,$56.35,1.26,2.287%,420877643.00,United States,,67264,Technology,Industrial Machinery/Components
TRS,TriMas Corporation Common Stock,$30.59,-0.88,-2.796%,1320375136.00,United States,2007,577330,Technology,Industrial Machinery/Components
TRT,Trio-Tech International Common Stock,$5.11,-0.37,-6.752%,19995711.00,United States,,193490,Technology,Industrial Machinery/Components
TRTN,Triton International Limited Common Shares,$50.20,1.46,2.995%,3382074802.00,,2016,1244156,Technology,Diversified Commercial Services
TRU,TransUnion Common Stock,$108.47,-0.43,-0.395%,20747341851.00,United States,2015,1007797,Technology,Advertising
TRVG,trivago N.V. American Depositary Shares,$3.48,0.00,0.00%,1241696065.00,Germany,2016,1077997,Technology,EDP Services
TSEM,Tower Semiconductor Ltd. Ordinary Shares,$26.61,-1.11,-4.004%,2872794897.00,Israel,1994,370880,Technology,Semiconductors
TSM,Taiwan Semiconductor Manufacturing Company Ltd.,$115.79,-3.33,-2.796%,600495740040.00,Taiwan,1997,12330455,Technology,Semiconductors
TSQ,Townsquare Media Inc. Class A Common Stock,$11.56,-2.02,-14.875%,188730745.00,United States,2014,181108,Technology,Advertising
TSRI,TSR Inc. Common Stock,$9.29,-0.16,-1.693%,18227556.00,United States,,42228,Technology,EDP Services
TTD,The Trade Desk Inc. Class A Common Stock,$60.88,-1.26,-2.028%,28965037714.00,United States,2016,8924062,Technology,EDP Services
TTEC,TTEC Holdings Inc. Common Stock,$95.10,-2.39,-2.452%,4452841718.00,United States,1996,263336,Technology,Retail: Computer Software & Peripheral Equipment
TTMI,TTM Technologies Inc. Common Stock,$14.57,-0.34,-2.28%,1561750461.00,United States,2000,2331234,Technology,Electrical Products
TTWO,Take-Two Interactive Software Inc. Common Stock,$171.28,0.78,0.457%,19897815811.00,United States,1997,1601568,Technology,Computer Software: Prepackaged Software
TUFN,Tufin Software Technologies Ltd. Ordinary Shares,$8.86,-0.16,-1.774%,325789049.00,,2019,1344751,Technology,EDP Services
TUYA,Tuya Inc. American Depositary Shares each representing one Class A Ordinary Share,$21.01,-0.64,-2.956%,11760559302.00,,2021,834352,Technology,Computer Software: Prepackaged Software
TWTR,Twitter Inc. Common Stock,$60.85,0.14,0.231%,48566005496.00,,2013,13212194,Technology,Computer Software: Prepackaged Software
TXN,Texas Instruments Incorporated Common Stock,$183.07,-4.58,-2.441%,169069451356.00,United States,,7535181,Technology,Semiconductors
TYL,Tyler Technologies Inc. Common Stock,$440.21,-3.05,-0.688%,17933584007.00,United States,,774573,Technology,Computer Software: Prepackaged Software
TZOO,Travelzoo Common Stock,$15.21,0.33,2.218%,174826463.00,United States,,144473,Technology,EDP Services
U,Unity Software Inc. Common Stock,$105.02,1.16,1.117%,29344408837.00,United States,2020,5551141,Technology,Retail: Computer Software & Peripheral Equipment
UBER,Uber Technologies Inc. Common Stock,$49.70,0.00,0.00%,93335613505.00,,2019,20543217,Technology,EDP Services
UCTT,Ultra Clean Holdings Inc. Common Stock,$49.88,-4.76,-8.712%,2210631471.00,United States,2004,1085146,Technology,Semiconductors
UEPS,Net 1 UEPS Technologies Inc. Common Stock,$5.01,0.01,0.20%,283355009.00,South Africa,2005,701072,Technology,EDP Services
UI,Ubiquiti Inc. Common Stock,$296.20,-10.41,-3.395%,18605544121.00,United States,,170192,Technology,Radio And Television Broadcasting And Communications Equipment
UIS,Unisys Corporation New Common Stock,$24.06,-2.45,-9.242%,1612561350.00,United States,,2136314,Technology,EDP Services
ULBI,Ultralife Corporation Common Stock,$8.36,-0.21,-2.45%,134094851.00,United States,1992,130140,Technology,Electronic Components
UMC,United Microelectronics Corporation (NEW) Common Stock,$9.16,-0.48,-4.979%,22757106730.00,Taiwan,,14901754,Technology,Semiconductors
UPLD,Upland Software Inc. Common Stock,$41.02,-0.93,-2.217%,1234710901.00,United States,2014,438237,Technology,EDP Services
UPWK,Upwork Inc. Common Stock,$47.75,-0.86,-1.769%,6023416540.00,United States,2018,1867612,Technology,EDP Services
URI,United Rentals Inc. Common Stock,$288.95,-5.23,-1.778%,20913664131.00,United States,1997,1447150,Technology,Diversified Commercial Services
USIO,Usio Inc. Common Stock,$6.50,0.13,2.041%,162864215.00,United States,,230634,Technology,EDP Services
VALU,Value Line Inc. Common Stock,$30.04,-0.08,-0.266%,287608577.00,United States,1983,3520,Technology,Advertising
VECO,Veeco Instruments Inc. Common Stock,$23.18,-1.29,-5.272%,1163232877.00,United States,1994,747497,Technology,Semiconductors
VERB,Verb Technology Company Inc. Common Stock,$1.21,-0.07,-5.469%,76674181.00,United States,,686227,Technology,EDP Services
VERBW,Verb Technology Company Inc. Warrant,$0.519,-0.0235,-4.332%,0.00,United States,,23150,Technology,EDP Services
VERI,Veritone Inc. Common Stock,$22.93,0.18,0.791%,749433091.00,United States,2017,1261295,Technology,EDP Services
VERX,Vertex Inc. Class A Common Stock,$20.82,-0.02,-0.096%,3072527594.00,United States,2020,379473,Technology,EDP Services
VIAO,VIA optronics AG American Depositary Shares each representing one-fifth of an Ordinary Share,$12.67,0.15,1.198%,287019908.00,,2020,5184,Technology,Semiconductors
VIAV,Viavi Solutions Inc. Common Stock,$17.12,-0.52,-2.948%,3914297506.00,United States,,1804087,Technology,Radio And Television Broadcasting And Communications Equipment
VMEO,Vimeo Inc. Common Stock,$43.27,-1.44,-3.221%,7107164655.00,United States,,3305695,Technology,Computer Software: Programming Data Processing
VMW,Vmware Inc. Common stock Class A,$154.52,-2.43,-1.548%,64733215493.00,United States,2007,2327976,Technology,Computer Software: Prepackaged Software
VNET,21Vianet Group Inc. American Depositary Shares,$24.85,0.35,1.429%,3570444297.00,China,2011,2719615,Technology,EDP Services
VOXX,VOXX International Corporation Class A Common Stock,$13.22,-0.12,-0.90%,317129067.00,United States,,208971,Technology,Electronic Components
VRNS,Varonis Systems Inc. Common Stock,$56.82,-1.29,-2.22%,6031566356.00,United States,2014,2949773,Technology,Computer Software: Prepackaged Software
VRNT,Verint Systems Inc. Common Stock,$45.00,-0.75,-1.639%,2924956620.00,United States,2002,1399263,Technology,EDP Services
VRSN,VeriSign Inc. Common Stock,$223.17,-0.09,-0.04%,25133138489.00,United States,1998,1141287,Technology,EDP Services
VSAT,ViaSat Inc. Common Stock,$46.88,-1.86,-3.816%,3400191680.00,United States,1996,642935,Technology,Radio And Television Broadcasting And Communications Equipment
WATT,Energous Corporation Common Stock,$2.72,-0.18,-6.207%,168475652.00,United States,2014,1971554,Technology,Radio And Television Broadcasting And Communications Equipment
WB,Weibo Corporation American Depositary Share,$47.55,-0.58,-1.205%,10834165315.00,China,2014,1129690,Technology,Internet and Information Services
WDAY,Workday Inc. Class A Common Stock,$236.49,1.45,0.617%,58413030000.00,United States,,2207668,Technology,Computer Software: Prepackaged Software
WDC,Western Digital Corporation Common Stock,$69.47,-1.30,-1.837%,21289281990.00,United States,,4904223,Technology,Electronic Components
WEX,WEX Inc. common stock,$195.84,-3.52,-1.766%,8762129925.00,United States,,387536,Technology,EDP Services
WFCF,Where Food Comes From Inc. Common Stock,$14.48,-0.72,-4.737%,88668454.00,United States,,66206,Technology,Computer Software: Prepackaged Software
WIMI,WiMi Hologram Cloud Inc. American Depositary Share,$5.53,-0.08,-1.426%,479495467.00,China,2020,792051,Technology,Computer Software: Prepackaged Software
WISA,Summit Wireless Technologies Inc. Common Stock,$4.03,-0.07,-1.707%,45871689.00,United States,2018,858708,Technology,Electronic Components
WIT,Wipro Limited Common Stock,$7.84,-0.21,-2.609%,42805009764.00,India,,7381063,Technology,EDP Services
WIX,Wix.com Ltd. Ordinary Shares,$299.70,2.80,0.943%,16905265113.00,Israel,2013,564424,Technology,EDP Services
WK,Workiva Inc. Class A Common Stock,$107.52,0.39,0.364%,5375344666.00,United States,2014,465476,Technology,Computer Software: Prepackaged Software
WKEY,WISeKey International Holding AG American Depositary Shares,$7.66,-0.09,-1.161%,152826200.00,Switzerland,,231446,Technology,EDP Services
WORK,Slack Technologies Inc. Class A Common Stock,$44.25,-0.25,-0.562%,25962140078.00,,2019,7200172,Technology,EDP Services
WSC,WillScot Mobile Mini Holdings Corp. Class A Common Stock,$27.81,-0.59,-2.077%,6397157410.00,United States,2015,3348988,Technology,Diversified Commercial Services
WSTG,Wayside Technology Group Inc. Common Stock,$25.87,-0.18,-0.691%,113980012.00,United States,,5249,Technology,Retail: Computer Software & Peripheral Equipment
WTRH,Waitr Holdings Inc. Common Stock,$1.98,-0.11,-5.263%,228473695.00,United States,2016,3039722,Technology,Computer Software: Prepackaged Software
WYY,WidePoint Corporation Common Stock,$6.97,-0.19,-2.654%,63227323.00,United States,,70479,Technology,EDP Services
XELA,Exela Technologies Inc. Common Stock,$1.28,-0.09,-6.569%,75765775.00,United States,2015,3091916,Technology,Retail: Computer Software & Peripheral Equipment
XLNX,Xilinx Inc. Common Stock,$131.92,-0.42,-0.317%,32431212800.00,United States,1990,5276895,Technology,Semiconductors
XM,Qualtrics International Inc. Class A Common Stock,$37.22,-1.32,-3.425%,19095230961.00,United States,2021,826969,Technology,Computer Software: Prepackaged Software
XNET,Xunlei Limited American Depositary Receipts,$4.92,-0.15,-2.959%,329297548.00,China,2014,3142276,Technology,Computer Software: Prepackaged Software
XPER,Xperi Holding Corporation Common Stock,$21.50,-0.90,-4.018%,2255493427.00,United States,,2183943,Technology,Semiconductors
XRX,Xerox Holdings Corporation Common Stock,$23.43,-0.20,-0.846%,4497326246.00,United States,,6654811,Technology,EDP Services
YALA,Yalla Group Limited American Depositary Shares each representing one Class A Ordinary Share,$17.89,-0.61,-3.297%,2574910026.00,United Arab Emirates,2020,642477,Technology,Computer Software: Programming Data Processing
YELP,Yelp Inc. Common Stock,$38.83,-2.05,-5.015%,2892752253.00,United States,2012,1253394,Technology,Internet and Information Services
YEXT,Yext Inc. Common Stock,$14.00,-0.06,-0.427%,1767409210.00,United States,2017,1478931,Technology,EDP Services
YNDX,Yandex N.V. Class A Ordinary Shares,$69.58,-0.21,-0.301%,24358178144.00,Netherlands,2011,1981355,Technology,Internet and Information Services
YY,JOYY Inc. American Depositary Shares,$67.73,-1.75,-2.519%,5377570663.00,China,2012,1250055,Technology,EDP Services
ZBRA,Zebra Technologies Corporation Class A Common Stock,$493.43,-8.66,-1.725%,26404058555.00,United States,1991,487119,Technology,Computer peripheral equipment
ZDGE,Zedge Inc. Class B Common Stock ,$17.19,-2.23,-11.483%,243866640.00,,2016,792483,Technology,Computer Software: Prepackaged Software
ZEN,Zendesk Inc. Common Stock,$145.93,1.49,1.032%,17314557872.00,,2014,1359531,Technology,EDP Services
ZEPP,Zepp Health Corporation American Depositary Shares,$10.89,-0.39,-3.457%,685564464.00,China,2018,641487,Technology,Computer Manufacturing
ZI,ZoomInfo Technologies Inc. Class A Common Stock,$51.39,0.79,1.561%,20111976627.00,United States,2020,3126461,Technology,Computer Software: Prepackaged Software
ZIP,ZipRecruiter Inc. Class A Common Stock,$21.26,0.62,3.004%,2223796000.00,,2021,653018,Technology,Diversified Commercial Services
ZIXI,Zix Corporation Common Stock,$7.11,-0.19,-2.603%,404735747.00,United States,,1861320,Technology,Retail: Computer Software & Peripheral Equipment
ZM,Zoom Video Communications Inc. Class A Common Stock,$374.24,1.29,0.346%,110268235584.00,United States,2019,4568775,Technology,Computer Software: Programming Data Processing
ZNGA,Zynga Inc. Class A Common Stock,$10.32,-0.26,-2.457%,11236032148.00,United States,2011,20180162,Technology,EDP Services
ZS,Zscaler Inc. Common Stock,$218.60,3.46,1.608%,29945362791.00,United States,2018,2049839,Technology,EDP Services
ZUO,Zuora Inc. Class A Common Stock,$16.84,0.31,1.875%,2059532000.00,,2018,1482237,Technology,EDP Services
